{"cameraName":"L3FrontCam","frameNum":"39","objects":[{"objectName":"Player8-W","wposition":{"x":4.055825233459473,"y":0.0,"z":5.065204620361328},"sposition":{"x":338.1827697753906,"y":361.90625,"z":15.363188743591309}},{"objectName":"Player2-M","wposition":{"x":1.1527609825134278,"y":0.003939986228942871,"z":2.2187249660491945},"sposition":{"x":564.3858032226563,"y":416.9989013671875,"z":17.839845657348634}}]}