{"cameraName":"L3FrontCam","frameNum":"235","objects":[{"objectName":"Player8-W","wposition":{"x":4.329368591308594,"y":0.0,"z":10.284708023071289},"sposition":{"x":233.2592010498047,"y":178.4457244873047,"z":10.488338470458985}},{"objectName":"Player2-M","wposition":{"x":5.456463813781738,"y":-0.0017157793045043946,"z":2.268388509750366},"sposition":{"x":264.0361328125,"y":421.0429382324219,"z":18.07733154296875}}]}