{"cameraName":"L3FrontCam","frameNum":"191","objects":[{"objectName":"Player8-W","wposition":{"x":4.267960548400879,"y":0.0,"z":9.112982749938965},"sposition":{"x":264.5014343261719,"y":233.0731964111328,"z":11.582693099975586}},{"objectName":"Player2-M","wposition":{"x":4.430722713470459,"y":0.004618525505065918,"z":2.271800994873047},"sposition":{"x":334.7707214355469,"y":420.1594543457031,"z":18.004730224609376}}]}