{"cameraName":"L3FrontCam","frameNum":"151","objects":[{"objectName":"Player8-W","wposition":{"x":4.2121357917785648,"y":0.0,"z":8.047778129577637},"sposition":{"x":288.18560791015627,"y":274.4854431152344,"z":12.577560424804688}},{"objectName":"Player2-M","wposition":{"x":3.4054458141326906,"y":0.004110217094421387,"z":2.267998695373535},"sposition":{"x":406.07781982421877,"y":418.93133544921877,"z":17.941259384155275}}]}