{"cameraName":"L3FrontCam","frameNum":"100","objects":[{"objectName":"Player8-W","wposition":{"x":4.140958309173584,"y":0.0,"z":6.689641952514648},"sposition":{"x":313.44683837890627,"y":318.6550598144531,"z":13.846015930175782}},{"objectName":"Player2-M","wposition":{"x":2.224271297454834,"y":-0.0024901628494262697,"z":2.2723398208618166},"sposition":{"x":488.8430480957031,"y":416.93994140625,"z":17.862022399902345}}]}