{"cameraName":"L3FrontCam","frameNum":"82","objects":[{"objectName":"Player8-W","wposition":{"x":4.115837097167969,"y":0.0,"z":6.210299968719482},"sposition":{"x":321.2921142578125,"y":332.37261962890627,"z":14.293705940246582}},{"objectName":"Player2-M","wposition":{"x":1.7491071224212647,"y":-0.0038657188415527345,"z":2.2721872329711916},"sposition":{"x":522.3455810546875,"y":416.25531005859377,"z":17.83148956298828}}]}