{"cameraName":"L3FrontCam","frameNum":"275","objects":[{"objectName":"Player8-W","wposition":{"x":4.385193347930908,"y":0.0,"z":11.349913597106934},"sposition":{"x":198.60682678222657,"y":117.85543823242188,"z":9.493471145629883}},{"objectName":"Player2-M","wposition":{"x":6.476006984710693,"y":-0.0011208057403564454,"z":2.2717530727386476},"sposition":{"x":194.15863037109376,"y":422.26092529296877,"z":18.140804290771486}}]}