{"cameraName":"L3FrontCam","frameNum":"110","objects":[{"objectName":"Player8-W","wposition":{"x":4.154914855957031,"y":0.0,"z":6.955943584442139},"sposition":{"x":308.8651123046875,"y":310.64385986328127,"z":13.597298622131348}},{"objectName":"Player2-M","wposition":{"x":2.4607489109039308,"y":0.009340882301330567,"z":2.2718324661254885},"sposition":{"x":472.2284240722656,"y":418.0503845214844,"z":17.873952865600587}}]}