{"cameraName":"L3FrontCam","frameNum":"207","objects":[{"objectName":"Player8-W","wposition":{"x":4.290290832519531,"y":0.0,"z":9.53906536102295},"sposition":{"x":253.84793090820313,"y":214.44549560546876,"z":11.184745788574219}},{"objectName":"Player2-M","wposition":{"x":4.781261920928955,"y":-0.015877723693847657,"z":2.27165150642395},"sposition":{"x":310.55511474609377,"y":419.2042236328125,"z":18.03485679626465}}]}