{"cameraName":"L3FrontCam","frameNum":"35","objects":[{"objectName":"Player8-W","wposition":{"x":4.0502424240112309,"y":0.0,"z":4.95868444442749},"sposition":{"x":339.6352233886719,"y":364.44586181640627,"z":15.462675094604493}},{"objectName":"Player2-M","wposition":{"x":1.2118902206420899,"y":0.011642932891845703,"z":2.2173354625701906},"sposition":{"x":560.2216796875,"y":417.6236572265625,"z":17.842391967773439}}]}