{"cameraName":"L3FrontCam","frameNum":"1","objects":[{"objectName":"Player8-W","wposition":{"x":4.002791404724121,"y":0.0,"z":4.053260326385498},"sposition":{"x":351.2655029296875,"y":384.7816162109375,"z":16.308311462402345}},{"objectName":"Player2-M","wposition":{"x":1.4935003519058228,"y":0.0,"z":2.052935838699341},"sposition":{"x":539.8909301757813,"y":420.08258056640627,"z":18.018939971923829}}]}