{"cameraName":"L3FrontCam","frameNum":"213","objects":[{"objectName":"Player8-W","wposition":{"x":4.298664569854736,"y":0.0,"z":9.698845863342286},"sposition":{"x":249.65481567382813,"y":207.11373901367188,"z":11.035515785217286}},{"objectName":"Player2-M","wposition":{"x":4.9178547859191898,"y":-0.021895885467529298,"z":2.271652936935425},"sposition":{"x":301.13671875,"y":418.96484375,"z":18.045869827270509}}]}