{"cameraName":"L3FrontCam","frameNum":"9","objects":[{"objectName":"Player8-W","wposition":{"x":4.013956069946289,"y":0.0,"z":4.266301155090332},"sposition":{"x":348.6388244628906,"y":380.18878173828127,"z":16.10934066772461}},{"objectName":"Player2-M","wposition":{"x":1.4615676403045655,"y":-0.011600017547607422,"z":2.2081377506256105},"sposition":{"x":542.49072265625,"y":416.5123596191406,"z":17.875328063964845}}]}