{"cameraName":"L3FrontCam","frameNum":"158","objects":[{"objectName":"Player8-W","wposition":{"x":4.22190523147583,"y":0.0,"z":8.2341890335083},"sposition":{"x":284.31512451171877,"y":267.71783447265627,"z":12.403458595275879}},{"objectName":"Player2-M","wposition":{"x":3.585059881210327,"y":0.0008928775787353516,"z":2.2690141201019289},"sposition":{"x":393.5479736328125,"y":418.9163513183594,"z":17.953184127807618}}]}