{"cameraName":"L3FrontCam","frameNum":"239","objects":[{"objectName":"Player8-W","wposition":{"x":4.334950923919678,"y":0.0,"z":10.391228675842286},"sposition":{"x":230.09262084960938,"y":172.90890502929688,"z":10.3888521194458}},{"objectName":"Player2-M","wposition":{"x":5.56082010269165,"y":-0.004918694496154785,"z":2.2695846557617189},"sposition":{"x":256.8596496582031,"y":420.93292236328127,"z":18.08414649963379}}]}