{"cameraName":"L3FrontCam","frameNum":"252","objects":[{"objectName":"Player8-W","wposition":{"x":4.353094100952148,"y":0.0,"z":10.737420082092286},"sposition":{"x":219.36892700195313,"y":154.1583709716797,"z":10.065520286560059}},{"objectName":"Player2-M","wposition":{"x":5.905540943145752,"y":-0.027216672897338868,"z":2.2723405361175539},"sposition":{"x":233.2447967529297,"y":419.8015441894531,"z":18.111785888671876}}]}