{"cameraName":"L3FrontCam","frameNum":"58","objects":[{"objectName":"Player8-W","wposition":{"x":4.082342147827148,"y":0.0,"z":5.571177005767822},"sposition":{"x":331.0186462402344,"y":349.3796081542969,"z":14.890626907348633}},{"objectName":"Player2-M","wposition":{"x":1.1444780826568604,"y":-0.005558133125305176,"z":2.170057773590088},"sposition":{"x":564.75927734375,"y":417.20751953125,"z":17.888172149658204}}]}