{"cameraName":"L3FrontCam","frameNum":"230","objects":[{"objectName":"Player8-W","wposition":{"x":4.322390079498291,"y":0.0,"z":10.151557922363282},"sposition":{"x":237.1339569091797,"y":185.22076416015626,"z":10.61269760131836}},{"objectName":"Player2-M","wposition":{"x":5.330842971801758,"y":-0.0010977983474731446,"z":2.270726442337036},"sposition":{"x":272.6467590332031,"y":420.8910217285156,"z":18.066694259643556}}]}