{"cameraName":"L3FrontCam","frameNum":"307","objects":[{"objectName":"Player8-W","wposition":{"x":4.429853916168213,"y":0.0,"z":12.20207691192627},"sposition":{"x":165.17718505859376,"y":59.40320587158203,"z":8.697577476501465}},{"objectName":"Player2-M","wposition":{"x":7.206874847412109,"y":-0.01057898998260498,"z":2.2718863487243654},"sposition":{"x":144.4550323486328,"y":422.5044860839844,"z":18.191823959350587}}]}