{"cameraName":"L3FrontCam","frameNum":"289","objects":[{"objectName":"Player8-W","wposition":{"x":4.4047322273254398,"y":0.0,"z":11.722734451293946},"sposition":{"x":184.697265625,"y":93.53449249267578,"z":9.145268440246582}},{"objectName":"Player2-M","wposition":{"x":6.780574321746826,"y":-0.022217869758605958,"z":2.2717528343200685},"sposition":{"x":173.486328125,"y":421.2108154296875,"z":18.167984008789064}}]}