{"cameraName":"L3FrontCam","frameNum":"119","objects":[{"objectName":"Player8-W","wposition":{"x":4.167475700378418,"y":0.0,"z":7.195614337921143},"sposition":{"x":304.5958557128906,"y":303.1789855957031,"z":13.373455047607422}},{"objectName":"Player2-M","wposition":{"x":2.6605679988861086,"y":0.0007958412170410156,"z":2.27168607711792},"sposition":{"x":458.18548583984377,"y":417.718505859375,"z":17.89011001586914}}]}