{"cameraName":"L3FrontCam","frameNum":"175","objects":[{"objectName":"Player8-W","wposition":{"x":4.245630741119385,"y":0.0,"z":8.686901092529297},"sposition":{"x":274.4471130371094,"y":250.46339416503907,"z":11.980640411376954}},{"objectName":"Player2-M","wposition":{"x":4.039090156555176,"y":-0.023226380348205568,"z":2.27227783203125},"sposition":{"x":361.9557800292969,"y":417.7823791503906,"z":17.988136291503908}}]}