{"cameraName":"L3FrontCam","frameNum":"83","objects":[{"objectName":"Player8-W","wposition":{"x":4.117232799530029,"y":0.0,"z":6.236929893493652},"sposition":{"x":320.8691711425781,"y":331.63311767578127,"z":14.268835067749024}},{"objectName":"Player2-M","wposition":{"x":1.7754442691802979,"y":-0.005807638168334961,"z":2.272326707839966},"sposition":{"x":520.4810791015625,"y":416.153076171875,"z":17.833749771118165}}]}