{"cameraName":"L3FrontCam","frameNum":"127","objects":[{"objectName":"Player8-W","wposition":{"x":4.178640365600586,"y":0.0,"z":7.408655166625977},"sposition":{"x":300.67919921875,"y":296.3306579589844,"z":13.174480438232422}},{"objectName":"Player2-M","wposition":{"x":2.8322091102600099,"y":-0.01230621337890625,"z":2.2716782093048097},"sposition":{"x":446.1376647949219,"y":417.03948974609377,"z":17.905851364135743}}]}