{"cameraName":"L3FrontCam","frameNum":"260","objects":[{"objectName":"Player8-W","wposition":{"x":4.364259243011475,"y":0.0,"z":10.950461387634278},"sposition":{"x":212.4203643798828,"y":142.00869750976563,"z":9.866546630859375}},{"objectName":"Player2-M","wposition":{"x":6.1188507080078129,"y":-0.020631909370422365,"z":2.272341012954712},"sposition":{"x":218.6227264404297,"y":420.504638671875,"z":18.123516082763673}}]}