{"cameraName":"L3FrontCam","frameNum":"306","objects":[{"objectName":"Player8-W","wposition":{"x":4.428458213806152,"y":0.0,"z":12.175446510314942},"sposition":{"x":166.31419372558595,"y":61.39131164550781,"z":8.72244930267334}},{"objectName":"Player2-M","wposition":{"x":7.18242883682251,"y":-0.012755751609802246,"z":2.271886110305786},"sposition":{"x":146.12484741210938,"y":422.3289794921875,"z":18.19096565246582}}]}