{"cameraName":"L3FrontCam","frameNum":"42","objects":[{"objectName":"Player8-W","wposition":{"x":4.060011863708496,"y":0.0,"z":5.145095348358154},"sposition":{"x":337.0810546875,"y":359.9798583984375,"z":15.288572311401368}},{"objectName":"Player2-M","wposition":{"x":1.1074033975601197,"y":-0.001506209373474121,"z":2.219064235687256},"sposition":{"x":567.5794677734375,"y":416.5640869140625,"z":17.838417053222658}}]}