{"cameraName":"L3FrontCam","frameNum":"288","objects":[{"objectName":"Player8-W","wposition":{"x":4.403336524963379,"y":0.0,"z":11.696105003356934},"sposition":{"x":185.725830078125,"y":95.33287811279297,"z":9.17013931274414}},{"objectName":"Player2-M","wposition":{"x":6.7591400146484379,"y":-0.020823121070861818,"z":2.2717528343200685},"sposition":{"x":174.93951416015626,"y":421.2785339355469,"z":18.16610336303711}}]}