{"cameraName":"L3FrontCam","frameNum":"223","objects":[{"objectName":"Player8-W","wposition":{"x":4.312620639801025,"y":0.0,"z":9.965147018432618},"sposition":{"x":242.40850830078126,"y":194.4434051513672,"z":10.786798477172852}},{"objectName":"Player2-M","wposition":{"x":5.15818452835083,"y":-0.01162707805633545,"z":2.271653652191162},"sposition":{"x":284.54779052734377,"y":419.95294189453127,"z":18.058109283447267}}]}