{"cameraName":"L3FrontCam","frameNum":"293","objects":[{"objectName":"Player8-W","wposition":{"x":4.410315036773682,"y":0.0,"z":11.829255104064942},"sposition":{"x":180.5264434814453,"y":86.24169158935547,"z":9.045781135559082}},{"objectName":"Player2-M","wposition":{"x":6.870181560516357,"y":-0.026479005813598634,"z":2.27175235748291},"sposition":{"x":167.40756225585938,"y":421.0331115722656,"z":18.175315856933595}}]}