{"cameraName":"L3FrontCam","frameNum":"299","objects":[{"objectName":"Player8-W","wposition":{"x":4.418688774108887,"y":0.0,"z":11.989036560058594},"sposition":{"x":174.09527587890626,"y":74.99671173095703,"z":8.896550178527832}},{"objectName":"Player2-M","wposition":{"x":7.014138698577881,"y":-0.026159048080444337,"z":2.271752119064331},"sposition":{"x":157.61935424804688,"y":421.22869873046877,"z":18.18464469909668}}]}