{"cameraName":"L3FrontCam","frameNum":"108","objects":[{"objectName":"Player8-W","wposition":{"x":4.15212345123291,"y":0.0,"z":6.902683258056641},"sposition":{"x":309.7948303222656,"y":312.2694396972656,"z":13.647042274475098}},{"objectName":"Player2-M","wposition":{"x":2.4164748191833498,"y":0.009340763092041016,"z":2.272163152694702},"sposition":{"x":475.3403625488281,"y":417.989501953125,"z":17.87074089050293}}]}