{"cameraName":"L3FrontCam","frameNum":"214","objects":[{"objectName":"Player8-W","wposition":{"x":4.300060272216797,"y":0.0,"z":9.725476264953614},"sposition":{"x":248.94493103027345,"y":205.87246704101563,"z":11.01064395904541}},{"objectName":"Player2-M","wposition":{"x":4.9417595863342289,"y":-0.02190983295440674,"z":2.271653413772583},"sposition":{"x":299.4876403808594,"y":418.99322509765627,"z":18.047439575195314}}]}