{"cameraName":"L3FrontCam","frameNum":"25","objects":[{"objectName":"Player8-W","wposition":{"x":4.036286354064941,"y":0.0,"z":4.692383289337158},"sposition":{"x":343.18585205078127,"y":370.6541748046875,"z":15.711392402648926}},{"objectName":"Player2-M","wposition":{"x":1.34022855758667,"y":0.015036940574645996,"z":2.21158504486084},"sposition":{"x":551.1408081054688,"y":418.1174621582031,"z":17.85503387451172}}]}