{"cameraName":"L3FrontCam","frameNum":"20","objects":[{"objectName":"Player8-W","wposition":{"x":4.029308319091797,"y":0.0,"z":4.559232711791992},"sposition":{"x":344.9193420410156,"y":373.68524169921877,"z":15.835750579833985}},{"objectName":"Player2-M","wposition":{"x":1.389319896697998,"y":0.007074952125549316,"z":2.211393117904663},"sposition":{"x":547.650146484375,"y":417.63836669921877,"z":17.861154556274415}}]}