{"cameraName":"L3FrontCam","frameNum":"294","objects":[{"objectName":"Player8-W","wposition":{"x":4.411710739135742,"y":0.0,"z":11.85588550567627},"sposition":{"x":179.46934509277345,"y":84.39334869384766,"z":9.020909309387207}},{"objectName":"Player2-M","wposition":{"x":6.893637657165527,"y":-0.02715146541595459,"z":2.2717525959014894},"sposition":{"x":165.81515502929688,"y":421.0163269042969,"z":18.17708396911621}}]}