{"cameraName":"L3FrontCam","frameNum":"5","objects":[{"objectName":"Player8-W","wposition":{"x":4.008373737335205,"y":0.0,"z":4.159780502319336},"sposition":{"x":349.96026611328127,"y":382.49932861328127,"z":16.208826065063478}},{"objectName":"Player2-M","wposition":{"x":1.4798873662948609,"y":-0.007831573486328125,"z":2.158729314804077},"sposition":{"x":541.0851440429688,"y":417.67041015625,"z":17.921554565429689}}]}