{"cameraName":"L3FrontCam","frameNum":"290","objects":[{"objectName":"Player8-W","wposition":{"x":4.4061279296875,"y":0.0,"z":11.749364852905274},"sposition":{"x":183.66310119628907,"y":91.72620391845703,"z":9.120396614074707}},{"objectName":"Player2-M","wposition":{"x":6.8020429611206059,"y":-0.023597002029418947,"z":2.2717528343200685},"sposition":{"x":172.03102111816407,"y":421.1441650390625,"z":18.169862747192384}}]}