{"cameraName":"L3FrontCam","frameNum":"43","objects":[{"objectName":"Player8-W","wposition":{"x":4.061407566070557,"y":0.0,"z":5.171725273132324},"sposition":{"x":336.7113952636719,"y":359.3335266113281,"z":15.263702392578125}},{"objectName":"Player2-M","wposition":{"x":1.0922367572784424,"y":-0.003353595733642578,"z":2.21907114982605},"sposition":{"x":568.64697265625,"y":416.4187316894531,"z":17.838048934936525}}]}