{"cameraName":"L3FrontCam","frameNum":"30","objects":[{"objectName":"Player8-W","wposition":{"x":4.043264389038086,"y":0.0,"z":4.825533866882324},"sposition":{"x":341.4247131347656,"y":367.5747985839844,"z":15.587034225463868}},{"objectName":"Player2-M","wposition":{"x":1.2807550430297852,"y":0.016217470169067384,"z":2.2146828174591066},"sposition":{"x":555.3569946289063,"y":418.0691223144531,"z":17.84782600402832}}]}