{"cameraName":"L3FrontCam","frameNum":"78","objects":[{"objectName":"Player8-W","wposition":{"x":4.110254764556885,"y":0.0,"z":6.103779315948486},"sposition":{"x":322.9692077636719,"y":335.3050537109375,"z":14.393194198608399}},{"objectName":"Player2-M","wposition":{"x":1.643868327140808,"y":0.0034284591674804689,"z":2.270824432373047},"sposition":{"x":529.797607421875,"y":416.6466979980469,"z":17.823373794555665}}]}