{"cameraName":"L3FrontCam","frameNum":"173","objects":[{"objectName":"Player8-W","wposition":{"x":4.242839336395264,"y":0.0,"z":8.633641242980957},"sposition":{"x":275.6440734863281,"y":252.55625915527345,"z":12.030383110046387}},{"objectName":"Player2-M","wposition":{"x":3.9846301078796388,"y":-0.023197293281555177,"z":2.272264242172241},"sposition":{"x":365.73809814453127,"y":417.7173156738281,"z":17.984567642211915}}]}