{"cameraName":"L3FrontCam","frameNum":"87","objects":[{"objectName":"Player8-W","wposition":{"x":4.122815132141113,"y":0.0,"z":6.343450546264648},"sposition":{"x":319.16259765625,"y":328.64910888671877,"z":14.169347763061524}},{"objectName":"Player2-M","wposition":{"x":1.8806922435760499,"y":-0.013338208198547364,"z":2.2723233699798586},"sposition":{"x":513.03515625,"y":415.77044677734377,"z":17.84322738647461}}]}