{"cameraName":"L3FrontCam","frameNum":"15","objects":[{"objectName":"Player8-W","wposition":{"x":4.022330284118652,"y":0.0,"z":4.426082134246826},"sposition":{"x":346.62579345703127,"y":376.6690368652344,"z":15.960107803344727}},{"objectName":"Player2-M","wposition":{"x":1.427303433418274,"y":-0.005190730094909668,"z":2.211390972137451},"sposition":{"x":544.9344482421875,"y":416.8487243652344,"z":17.86783790588379}}]}