{"cameraName":"L3FrontCam","frameNum":"189","objects":[{"objectName":"Player8-W","wposition":{"x":4.265169620513916,"y":0.0,"z":9.059722900390625},"sposition":{"x":265.78179931640627,"y":235.31202697753907,"z":11.632436752319336}},{"objectName":"Player2-M","wposition":{"x":4.386440753936768,"y":0.004618525505065918,"z":2.2721505165100099},"sposition":{"x":337.8359375,"y":420.09906005859377,"z":18.00149917602539}}]}