{"cameraName":"L3FrontCam","frameNum":"320","objects":[{"objectName":"Player8-W","wposition":{"x":4.447997093200684,"y":0.0,"z":12.54826831817627},"sposition":{"x":149.78121948242188,"y":32.48328399658203,"z":8.374245643615723}},{"objectName":"Player2-M","wposition":{"x":7.533203601837158,"y":-0.008051514625549317,"z":2.269096612930298},"sposition":{"x":122.37169647216797,"y":423.1142578125,"z":18.2149658203125}}]}