{"cameraName":"L3FrontCam","frameNum":"295","objects":[{"objectName":"Player8-W","wposition":{"x":4.4131059646606449,"y":0.0,"z":11.882515907287598},"sposition":{"x":178.40643310546876,"y":82.5347900390625,"z":8.996037483215332}},{"objectName":"Player2-M","wposition":{"x":6.91763973236084,"y":-0.02716672420501709,"z":2.271752119064331},"sposition":{"x":164.18307495117188,"y":421.04437255859377,"z":18.17866325378418}}]}