{"cameraName":"L3FrontCam","frameNum":"222","objects":[{"objectName":"Player8-W","wposition":{"x":4.311225414276123,"y":0.0,"z":9.938516616821289},"sposition":{"x":243.14808654785157,"y":195.73666381835938,"z":10.811670303344727}},{"objectName":"Player2-M","wposition":{"x":5.13417911529541,"y":-0.013819217681884766,"z":2.271653652191162},"sposition":{"x":286.2062683105469,"y":419.7755126953125,"z":18.05728530883789}}]}