{"cameraName":"L3FrontCam","frameNum":"317","objects":[{"objectName":"Player8-W","wposition":{"x":4.443809986114502,"y":0.0,"z":12.468378067016602},"sposition":{"x":153.43882751464845,"y":38.878440856933597,"z":8.448861122131348}},{"objectName":"Player2-M","wposition":{"x":7.454945087432861,"y":-0.00554347038269043,"z":2.2668960094451906},"sposition":{"x":127.70059204101563,"y":423.2262268066406,"z":18.211040496826173}}]}