{"cameraName":"L3FrontCam","frameNum":"69","objects":[{"objectName":"Player8-W","wposition":{"x":4.097693920135498,"y":0.0,"z":5.864108562469482},"sposition":{"x":326.65924072265627,"y":341.7571716308594,"z":14.617037773132325}},{"objectName":"Player2-M","wposition":{"x":1.4106652736663819,"y":0.01022481918334961,"z":2.2621877193450929},"sposition":{"x":546.29296875,"y":416.9744567871094,"z":17.813859939575197}}]}