{"cameraName":"L3FrontCam","frameNum":"19","objects":[{"objectName":"Player8-W","wposition":{"x":4.027912616729736,"y":0.0,"z":4.532602310180664},"sposition":{"x":345.26275634765627,"y":374.2857360839844,"z":15.86062240600586}},{"objectName":"Player2-M","wposition":{"x":1.3978006839752198,"y":0.005072832107543945,"z":2.211393117904663},"sposition":{"x":547.0457153320313,"y":417.51226806640627,"z":17.862394332885743}}]}