{"cameraName":"L3FrontCam","frameNum":"112","objects":[{"objectName":"Player8-W","wposition":{"x":4.157706260681152,"y":0.0,"z":7.0092034339904789},"sposition":{"x":307.9285583496094,"y":309.0063171386719,"z":13.547555923461914}},{"objectName":"Player2-M","wposition":{"x":2.505512237548828,"y":0.008925557136535645,"z":2.2716774940490724},"sposition":{"x":469.08245849609377,"y":418.08038330078127,"z":17.87717628479004}}]}