{"cameraName":"L3FrontCam","frameNum":"114","objects":[{"objectName":"Player8-W","wposition":{"x":4.160497188568115,"y":0.0,"z":7.062463760375977},"sposition":{"x":306.98516845703127,"y":307.3567199707031,"z":13.497812271118164}},{"objectName":"Player2-M","wposition":{"x":2.55068039894104,"y":0.008127212524414063,"z":2.2716779708862306},"sposition":{"x":465.9084777832031,"y":418.0820007324219,"z":17.880409240722658}}]}