{"cameraName":"L3FrontCam","frameNum":"134","objects":[{"objectName":"Player8-W","wposition":{"x":4.188409805297852,"y":0.0,"z":7.595066070556641},"sposition":{"x":297.15374755859377,"y":290.1663513183594,"z":13.00037956237793}},{"objectName":"Player2-M","wposition":{"x":2.9929966926574709,"y":-0.01739799976348877,"z":2.2716660499572756},"sposition":{"x":434.87567138671877,"y":416.89306640625,"z":17.91814422607422}}]}