{"cameraName":"L3FrontCam","frameNum":"72","objects":[{"objectName":"Player8-W","wposition":{"x":4.10188102722168,"y":0.0,"z":5.94399881362915},"sposition":{"x":325.44183349609377,"y":339.6285400390625,"z":14.542423248291016}},{"objectName":"Player2-M","wposition":{"x":1.4870728254318238,"y":0.009617090225219727,"z":2.265448808670044},"sposition":{"x":540.8919067382813,"y":416.9700927734375,"z":17.81601905822754}}]}