{"cameraName":"L3FrontCam","frameNum":"188","objects":[{"objectName":"Player8-W","wposition":{"x":4.2637739181518559,"y":0.0,"z":9.033092498779297},"sposition":{"x":266.4179382324219,"y":236.42431640625,"z":11.657308578491211}},{"objectName":"Player2-M","wposition":{"x":4.363640308380127,"y":0.003258228302001953,"z":2.2721846103668215},"sposition":{"x":339.4173278808594,"y":419.97833251953127,"z":18.000438690185548}}]}