{"cameraName":"L3FrontCam","frameNum":"98","objects":[{"objectName":"Player8-W","wposition":{"x":4.138167381286621,"y":0.0,"z":6.636382102966309},"sposition":{"x":314.34344482421877,"y":320.22283935546877,"z":13.895759582519532}},{"objectName":"Player2-M","wposition":{"x":2.1736814975738527,"y":-0.008025527000427246,"z":2.2723419666290285},"sposition":{"x":492.39501953125,"y":416.4990539550781,"z":17.860597610473634}}]}