{"cameraName":"L3FrontCam","frameNum":"28","objects":[{"objectName":"Player8-W","wposition":{"x":4.040473461151123,"y":0.0,"z":4.772273540496826},"sposition":{"x":342.13250732421877,"y":368.81243896484377,"z":15.6367769241333}},{"objectName":"Player2-M","wposition":{"x":1.3057997226715088,"y":0.016291260719299318,"z":2.213361978530884},"sposition":{"x":553.582763671875,"y":418.1287841796875,"z":17.85068130493164}}]}