{"cameraName":"L3FrontCam","frameNum":"319","objects":[{"objectName":"Player8-W","wposition":{"x":4.446601390838623,"y":0.0,"z":12.521638870239258},"sposition":{"x":151.00762939453126,"y":34.62760543823242,"z":8.399116516113282}},{"objectName":"Player2-M","wposition":{"x":7.5070600509643559,"y":-0.007130026817321777,"z":2.2682905197143556},"sposition":{"x":124.152587890625,"y":423.158447265625,"z":18.213693618774415}}]}