{"cameraName":"L3FrontCam","frameNum":"167","objects":[{"objectName":"Player8-W","wposition":{"x":4.234465599060059,"y":0.0,"z":8.473859786987305},"sposition":{"x":279.17626953125,"y":258.7323913574219,"z":12.17961311340332}},{"objectName":"Player2-M","wposition":{"x":3.821692705154419,"y":-0.01513969898223877,"z":2.2722651958465578},"sposition":{"x":377.0594482421875,"y":418.0625,"z":17.97113037109375}}]}