{"cameraName":"L3FrontCam","frameNum":"161","objects":[{"objectName":"Player8-W","wposition":{"x":4.2260918617248539,"y":0.0,"z":8.314079284667969},"sposition":{"x":282.6229248046875,"y":264.7589416503906,"z":12.32884407043457}},{"objectName":"Player2-M","wposition":{"x":3.663762331008911,"y":-0.0033745765686035158,"z":2.2710962295532228},"sposition":{"x":388.0545959472656,"y":418.68682861328127,"z":17.957849502563478}}]}