{"cameraName":"L3FrontCam","frameNum":"284","objects":[{"objectName":"Player8-W","wposition":{"x":4.397754192352295,"y":0.0,"z":11.589584350585938},"sposition":{"x":189.78497314453126,"y":102.43029022216797,"z":9.269625663757325}},{"objectName":"Player2-M","wposition":{"x":6.673516750335693,"y":-0.014016270637512207,"z":2.27175235748291},"sposition":{"x":180.7424774169922,"y":421.63238525390627,"z":18.158161163330079}}]}