{"cameraName":"L3FrontCam","frameNum":"120","objects":[{"objectName":"Player8-W","wposition":{"x":4.16887092590332,"y":0.0,"z":7.222244739532471},"sposition":{"x":304.1126708984375,"y":302.3341369628906,"z":13.348583221435547}},{"objectName":"Player2-M","wposition":{"x":2.6821913719177248,"y":-0.0010391473770141602,"z":2.271686315536499},"sposition":{"x":456.6662902832031,"y":417.62030029296877,"z":17.89215660095215}}]}