{"cameraName":"L3FrontCam","frameNum":"150","objects":[{"objectName":"Player8-W","wposition":{"x":4.210740089416504,"y":0.0,"z":8.021147727966309},"sposition":{"x":288.72979736328127,"y":275.4369812011719,"z":12.602432250976563}},{"objectName":"Player2-M","wposition":{"x":3.380924701690674,"y":0.004110217094421387,"z":2.268765687942505},"sposition":{"x":407.7856140136719,"y":418.88751220703127,"z":17.938934326171876}}]}