{"cameraName":"L3FrontCam","frameNum":"229","objects":[{"objectName":"Player8-W","wposition":{"x":4.320994853973389,"y":0.0,"z":10.124927520751954},"sposition":{"x":237.89801025390626,"y":186.55679321289063,"z":10.637569427490235}},{"objectName":"Player2-M","wposition":{"x":5.30667781829834,"y":-0.0010977983474731446,"z":2.271653413772583},"sposition":{"x":274.2991943359375,"y":420.8454284667969,"z":18.064241409301759}}]}