{"cameraName":"L3FrontCam","frameNum":"314","objects":[{"objectName":"Player8-W","wposition":{"x":4.43962287902832,"y":0.0,"z":12.388487815856934},"sposition":{"x":157.03225708007813,"y":45.161659240722659,"z":8.523475646972657}},{"objectName":"Player2-M","wposition":{"x":7.377387046813965,"y":-0.004698276519775391,"z":2.2668960094451906},"sposition":{"x":132.95181274414063,"y":423.1898193359375,"z":18.20566749572754}}]}