{"cameraName":"L3FrontCam","frameNum":"321","objects":[{"objectName":"Player8-W","wposition":{"x":4.449392318725586,"y":0.0,"z":12.574898719787598},"sposition":{"x":148.5476531982422,"y":30.32616424560547,"z":8.349373817443848}},{"objectName":"Player2-M","wposition":{"x":7.559401512145996,"y":-0.008996248245239258,"z":2.269925355911255},"sposition":{"x":120.587158203125,"y":423.068115234375,"z":18.21622657775879}}]}