{"cameraName":"L3FrontCam","frameNum":"201","objects":[{"objectName":"Player8-W","wposition":{"x":4.281917095184326,"y":0.0,"z":9.379283905029297},"sposition":{"x":257.9306945800781,"y":221.5841827392578,"z":11.333976745605469}},{"objectName":"Player2-M","wposition":{"x":4.652644634246826,"y":-0.005608677864074707,"z":2.271649122238159},"sposition":{"x":319.4270324707031,"y":419.7413635253906,"z":18.022916793823243}}]}