{"cameraName":"L3FrontCam","frameNum":"194","objects":[{"objectName":"Player8-W","wposition":{"x":4.2721476554870609,"y":0.0,"z":9.192873001098633},"sposition":{"x":262.55999755859377,"y":229.6786346435547,"z":11.508077621459961}},{"objectName":"Player2-M","wposition":{"x":4.49849796295166,"y":0.0041866302490234379,"z":2.271655321121216},"sposition":{"x":330.0787353515625,"y":420.2157287597656,"z":18.009456634521486}}]}