{"cameraName":"L3FrontCam","frameNum":"75","objects":[{"objectName":"Player8-W","wposition":{"x":4.106067657470703,"y":0.0,"z":6.023889064788818},"sposition":{"x":324.2119445800781,"y":337.4779357910156,"z":14.46780776977539}},{"objectName":"Player2-M","wposition":{"x":1.5652062892913819,"y":0.007312297821044922,"z":2.2686736583709719},"sposition":{"x":535.3655395507813,"y":416.8524475097656,"z":17.818906784057618}}]}