{"cameraName":"L3FrontCam","frameNum":"32","objects":[{"objectName":"Player8-W","wposition":{"x":4.046055793762207,"y":0.0,"z":4.878794193267822},"sposition":{"x":340.71234130859377,"y":366.3292541503906,"z":15.537290573120118}},{"objectName":"Player2-M","wposition":{"x":1.2540563344955445,"y":0.015359640121459961,"z":2.2158939838409426},"sposition":{"x":557.2460327148438,"y":417.95574951171877,"z":17.845232009887697}}]}