{"cameraName":"L3FrontCam","frameNum":"283","objects":[{"objectName":"Player8-W","wposition":{"x":4.396358489990234,"y":0.0,"z":11.56295394897461},"sposition":{"x":190.78616333007813,"y":104.18089294433594,"z":9.294498443603516}},{"objectName":"Player2-M","wposition":{"x":6.652042865753174,"y":-0.011942505836486817,"z":2.27175235748291},"sposition":{"x":182.19711303710938,"y":421.7458190917969,"z":18.156044006347658}}]}