{"cameraName":"L3FrontCam","frameNum":"217","objects":[{"objectName":"Player8-W","wposition":{"x":4.30424690246582,"y":0.0,"z":9.805366516113282},"sposition":{"x":246.7958984375,"y":202.11476135253907,"z":10.936029434204102}},{"objectName":"Player2-M","wposition":{"x":5.014325141906738,"y":-0.021924972534179689,"z":2.271653175354004},"sposition":{"x":294.4833679199219,"y":419.0811462402344,"z":18.052200317382814}}]}