{"cameraName":"L3FrontCam","frameNum":"81","objects":[{"objectName":"Player8-W","wposition":{"x":4.114441394805908,"y":0.0,"z":6.1836700439453129},"sposition":{"x":321.71356201171877,"y":333.10955810546877,"z":14.318577766418457}},{"objectName":"Player2-M","wposition":{"x":1.7227777242660523,"y":-0.0018186569213867188,"z":2.2719881534576418},"sposition":{"x":524.2101440429688,"y":416.3658447265625,"z":17.82925033569336}}]}