{"cameraName":"L3FrontCam","frameNum":"183","objects":[{"objectName":"Player8-W","wposition":{"x":4.256795883178711,"y":0.0,"z":8.899942398071289},"sposition":{"x":269.5582275390625,"y":241.91513061523438,"z":11.781665802001954}},{"objectName":"Player2-M","wposition":{"x":4.243370056152344,"y":-0.005509018898010254,"z":2.2722573280334474},"sposition":{"x":347.7646179199219,"y":419.2351989746094,"z":17.995485305786134}}]}