{"cameraName":"L3FrontCam","frameNum":"301","objects":[{"objectName":"Player8-W","wposition":{"x":4.42147970199585,"y":0.0,"z":12.042296409606934},"sposition":{"x":171.9033660888672,"y":71.16410064697266,"z":8.846807479858399}},{"objectName":"Player2-M","wposition":{"x":7.063266754150391,"y":-0.023409247398376466,"z":2.271885633468628},"sposition":{"x":154.26669311523438,"y":421.4703063964844,"z":18.186800003051759}}]}