{"cameraName":"L3FrontCam","frameNum":"279","objects":[{"objectName":"Player8-W","wposition":{"x":4.39077615737915,"y":0.0,"z":11.456433296203614},"sposition":{"x":194.7378387451172,"y":111.09062194824219,"z":9.3939847946167}},{"objectName":"Player2-M","wposition":{"x":6.565161228179932,"y":-0.00491642951965332,"z":2.2717525959014894},"sposition":{"x":188.09141540527345,"y":422.1132507324219,"z":18.147947311401368}}]}