{"cameraName":"L3FrontCam","frameNum":"159","objects":[{"objectName":"Player8-W","wposition":{"x":4.223300457000732,"y":0.0,"z":8.260819435119629},"sposition":{"x":283.75335693359377,"y":266.7355041503906,"z":12.378586769104004}},{"objectName":"Player2-M","wposition":{"x":3.611258029937744,"y":-0.00015413761138916016,"z":2.269932508468628},"sposition":{"x":391.7178039550781,"y":418.8612976074219,"z":17.95439910888672}}]}