{"cameraName":"L3FrontCam","frameNum":"204","objects":[{"objectName":"Player8-W","wposition":{"x":4.28610372543335,"y":0.0,"z":9.459175109863282},"sposition":{"x":255.90286254882813,"y":218.03848266601563,"z":11.259361267089844}},{"objectName":"Player2-M","wposition":{"x":4.717082500457764,"y":-0.010734319686889649,"z":2.2716546058654787},"sposition":{"x":314.9806213378906,"y":419.473388671875,"z":18.028888702392579}}]}