{"cameraName":"L3FrontCam","frameNum":"261","objects":[{"objectName":"Player8-W","wposition":{"x":4.365654945373535,"y":0.0,"z":10.977091789245606},"sposition":{"x":211.53204345703126,"y":140.4554443359375,"z":9.8416748046875}},{"objectName":"Player2-M","wposition":{"x":6.144347667694092,"y":-0.018164992332458497,"z":2.272341251373291},"sposition":{"x":216.8704071044922,"y":420.7016906738281,"z":18.124343872070314}}]}