{"cameraName":"L3FrontCam","frameNum":"128","objects":[{"objectName":"Player8-W","wposition":{"x":4.1800360679626469,"y":0.0,"z":7.435285568237305},"sposition":{"x":300.1812438964844,"y":295.4599914550781,"z":13.149608612060547}},{"objectName":"Player2-M","wposition":{"x":2.853675603866577,"y":-0.01372992992401123,"z":2.2716779708862306},"sposition":{"x":444.632568359375,"y":416.9692687988281,"z":17.907747268676759}}]}