{"cameraName":"L3FrontCam","frameNum":"198","objects":[{"objectName":"Player8-W","wposition":{"x":4.2777299880981449,"y":0.0,"z":9.299393653869629},"sposition":{"x":259.9320068359375,"y":225.08346557617188,"z":11.408591270446778}},{"objectName":"Player2-M","wposition":{"x":4.58746862411499,"y":-0.0000013113021850585938,"z":2.271651029586792},"sposition":{"x":323.92669677734377,"y":420.0411071777344,"z":18.016725540161134}}]}