{"cameraName":"L3FrontCam","frameNum":"287","objects":[{"objectName":"Player8-W","wposition":{"x":4.401941299438477,"y":0.0,"z":11.669474601745606},"sposition":{"x":186.74884033203126,"y":97.12164306640625,"z":9.195011138916016}},{"objectName":"Player2-M","wposition":{"x":6.737740993499756,"y":-0.01936805248260498,"z":2.2717528343200685},"sposition":{"x":176.39036560058595,"y":421.3504333496094,"z":18.164201736450197}}]}