{"cameraName":"L3FrontCam","frameNum":"244","objects":[{"objectName":"Player8-W","wposition":{"x":4.341928958892822,"y":0.0,"z":10.52437973022461},"sposition":{"x":226.048095703125,"y":165.83694458007813,"z":10.264493942260743}},{"objectName":"Player2-M","wposition":{"x":5.692215442657471,"y":-0.013040661811828614,"z":2.2720024585723879},"sposition":{"x":247.83155822753907,"y":420.5029296875,"z":18.093271255493165}}]}