{"cameraName":"L3FrontCam","frameNum":"259","objects":[{"objectName":"Player8-W","wposition":{"x":4.362863540649414,"y":0.0,"z":10.92383098602295},"sposition":{"x":213.30422973632813,"y":143.5541534423828,"z":9.891419410705567}},{"objectName":"Player2-M","wposition":{"x":6.093234539031982,"y":-0.022994160652160646,"z":2.272341251373291},"sposition":{"x":220.38299560546876,"y":420.314453125,"z":18.12264633178711}}]}