{"cameraName":"L3FrontCam","frameNum":"76","objects":[{"objectName":"Player8-W","wposition":{"x":4.107463359832764,"y":0.0,"z":6.0505194664001469},"sposition":{"x":323.7991027832031,"y":336.7561340332031,"z":14.442935943603516}},{"objectName":"Player2-M","wposition":{"x":1.591393232345581,"y":0.006104469299316406,"z":2.2697463035583498},"sposition":{"x":533.5125732421875,"y":416.78338623046877,"z":17.820030212402345}}]}