{"cameraName":"L3FrontCam","frameNum":"74","objects":[{"objectName":"Player8-W","wposition":{"x":4.104671955108643,"y":0.0,"z":5.997259140014648},"sposition":{"x":324.6233215332031,"y":338.197265625,"z":14.492679595947266}},{"objectName":"Player2-M","wposition":{"x":1.5390925407409669,"y":0.00842297077178955,"z":2.267711877822876},"sposition":{"x":537.2135009765625,"y":416.9129943847656,"z":17.817716598510743}}]}