{"cameraName":"L3FrontCam","frameNum":"203","objects":[{"objectName":"Player8-W","wposition":{"x":4.284708499908447,"y":0.0,"z":9.432544708251954},"sposition":{"x":256.58172607421877,"y":219.22560119628907,"z":11.284233093261719}},{"objectName":"Player2-M","wposition":{"x":4.695644855499268,"y":-0.00904703140258789,"z":2.271653652191162},"sposition":{"x":316.4595947265625,"y":419.561279296875,"z":18.026906967163087}}]}