{"cameraName":"L3FrontCam","frameNum":"3","objects":[{"objectName":"Player8-W","wposition":{"x":4.005582332611084,"y":0.0,"z":4.106520652770996},"sposition":{"x":350.6148681640625,"y":383.6439514160156,"z":16.258569717407228}},{"objectName":"Player2-M","wposition":{"x":1.486868143081665,"y":-0.004468560218811035,"z":2.1058549880981447},"sposition":{"x":540.4727783203125,"y":418.8420715332031,"z":17.970426559448243}}]}