{"cameraName":"L3FrontCam","frameNum":"251","objects":[{"objectName":"Player8-W","wposition":{"x":4.351698398590088,"y":0.0,"z":10.710790634155274},"sposition":{"x":220.21823120117188,"y":155.64332580566407,"z":10.090391159057618}},{"objectName":"Player2-M","wposition":{"x":5.877750873565674,"y":-0.025710582733154298,"z":2.272341012954712},"sposition":{"x":235.14382934570313,"y":419.8691101074219,"z":18.10944938659668}}]}