{"cameraName":"L3FrontCam","frameNum":"6","objects":[{"objectName":"Player8-W","wposition":{"x":4.009769439697266,"y":0.0,"z":4.186410903930664},"sposition":{"x":349.63140869140627,"y":381.92431640625,"z":16.1839542388916}},{"objectName":"Player2-M","wposition":{"x":1.4755386114120484,"y":-0.00921010971069336,"z":2.1865856647491457},"sposition":{"x":541.4574584960938,"y":417.07647705078127,"z":17.895627975463868}}]}