{"cameraName":"L3FrontCam","frameNum":"272","objects":[{"objectName":"Player8-W","wposition":{"x":4.381006717681885,"y":0.0,"z":11.27002239227295},"sposition":{"x":201.4557342529297,"y":122.83682250976563,"z":9.568086624145508}},{"objectName":"Player2-M","wposition":{"x":6.408665180206299,"y":-0.0005949735641479492,"z":2.27195143699646},"sposition":{"x":198.75047302246095,"y":422.21148681640627,"z":18.13602638244629}}]}