{"cameraName":"L3FrontCam","frameNum":"51","objects":[{"objectName":"Player8-W","wposition":{"x":4.072572708129883,"y":0.0,"z":5.384766101837158},"sposition":{"x":333.7103576660156,"y":354.0861511230469,"z":15.064728736877442}},{"objectName":"Player2-M","wposition":{"x":0.9796318411827087,"y":-0.010200977325439453,"z":2.072889566421509},"sposition":{"x":575.9625244140625,"y":418.4089050292969,"z":17.970041275024415}}]}