{"cameraName":"L3FrontCam","frameNum":"210","objects":[{"objectName":"Player8-W","wposition":{"x":4.294477462768555,"y":0.0,"z":9.618955612182618},"sposition":{"x":251.76548767089845,"y":210.8042449951172,"z":11.110130310058594}},{"objectName":"Player2-M","wposition":{"x":4.847337245941162,"y":-0.019998550415039064,"z":2.2716574668884279},"sposition":{"x":305.9997253417969,"y":419.00653076171877,"z":18.040592193603517}}]}