{"cameraName":"L3FrontCam","frameNum":"216","objects":[{"objectName":"Player8-W","wposition":{"x":4.302851676940918,"y":0.0,"z":9.778736114501954},"sposition":{"x":247.51544189453126,"y":203.37303161621095,"z":10.960901260375977}},{"objectName":"Player2-M","wposition":{"x":4.9900712966918949,"y":-0.021924972534179689,"z":2.271653175354004},"sposition":{"x":296.15570068359377,"y":419.0514221191406,"z":18.05061149597168}}]}