{"cameraName":"L3FrontCam","frameNum":"131","objects":[{"objectName":"Player8-W","wposition":{"x":4.184223175048828,"y":0.0,"z":7.515175819396973},"sposition":{"x":298.6761169433594,"y":292.8282775878906,"z":13.074994087219239}},{"objectName":"Player2-M","wposition":{"x":2.92167067527771,"y":-0.0165255069732666,"z":2.2716786861419679},"sposition":{"x":439.8685302734375,"y":416.863525390625,"z":17.913158416748048}}]}