{"cameraName":"L3FrontCam","frameNum":"298","objects":[{"objectName":"Player8-W","wposition":{"x":4.417293071746826,"y":0.0,"z":11.962406158447266},"sposition":{"x":175.18209838867188,"y":76.89701843261719,"z":8.921422004699707}},{"objectName":"Player2-M","wposition":{"x":6.989748954772949,"y":-0.027193903923034669,"z":2.271752119064331},"sposition":{"x":159.28140258789063,"y":421.1297607421875,"z":18.183399200439454}}]}