{"cameraName":"L3FrontCam","frameNum":"118","objects":[{"objectName":"Player8-W","wposition":{"x":4.166079998016357,"y":0.0,"z":7.168984413146973},"sposition":{"x":305.0772399902344,"y":304.020751953125,"z":13.39832592010498}},{"objectName":"Player2-M","wposition":{"x":2.6388537883758547,"y":0.0026578903198242189,"z":2.2716903686523439},"sposition":{"x":459.71136474609377,"y":417.818359375,"z":17.888046264648439}}]}