{"cameraName":"L3FrontCam","frameNum":"185","objects":[{"objectName":"Player8-W","wposition":{"x":4.259586811065674,"y":0.0,"z":8.953202247619629},"sposition":{"x":268.31011962890627,"y":239.73277282714845,"z":11.73192310333252}},{"objectName":"Player2-M","wposition":{"x":4.29292106628418,"y":-0.0012835264205932618,"z":2.2722511291503908},"sposition":{"x":344.32415771484377,"y":419.58258056640627,"z":17.99729347229004}}]}