{"cameraName":"L3FrontCam","frameNum":"61","objects":[{"objectName":"Player8-W","wposition":{"x":4.086528778076172,"y":0.0,"z":5.65106725692749},"sposition":{"x":329.845703125,"y":347.32867431640627,"z":14.816011428833008}},{"objectName":"Player2-M","wposition":{"x":1.2160365581512452,"y":0.001096963882446289,"z":2.2058064937591554},"sposition":{"x":559.8558349609375,"y":417.1140441894531,"z":17.857074737548829}}]}