{"cameraName":"L3FrontCam","frameNum":"241","objects":[{"objectName":"Player8-W","wposition":{"x":4.337742328643799,"y":0.0,"z":10.444489479064942},"sposition":{"x":228.4864501953125,"y":170.1005096435547,"z":10.33910846710205}},{"objectName":"Player2-M","wposition":{"x":5.6133012771606449,"y":-0.007883667945861817,"z":2.2708652019500734},"sposition":{"x":253.24790954589845,"y":420.77447509765627,"z":18.087400436401368}}]}