{"cameraName":"L3FrontCam","frameNum":"16","objects":[{"objectName":"Player8-W","wposition":{"x":4.023725509643555,"y":0.0,"z":4.452712059020996},"sposition":{"x":346.28668212890627,"y":376.07598876953127,"z":15.935237884521485}},{"objectName":"Player2-M","wposition":{"x":1.4205797910690308,"y":-0.002623319625854492,"z":2.211392402648926},"sposition":{"x":545.4161376953125,"y":417.0154724121094,"z":17.866519927978517}}]}