{"cameraName":"L3FrontCam","frameNum":"18","objects":[{"objectName":"Player8-W","wposition":{"x":4.026516914367676,"y":0.0,"z":4.505972385406494},"sposition":{"x":345.6051330566406,"y":374.8843688964844,"z":15.885494232177735}},{"objectName":"Player2-M","wposition":{"x":1.405821681022644,"y":0.0027447938919067384,"z":2.211393117904663},"sposition":{"x":546.472900390625,"y":417.3633728027344,"z":17.86371612548828}}]}