{"cameraName":"L3FrontCam","frameNum":"285","objects":[{"objectName":"Player8-W","wposition":{"x":4.3991498947143559,"y":0.0,"z":11.616214752197266},"sposition":{"x":188.77830505371095,"y":100.67024230957031,"z":9.24475383758545}},{"objectName":"Player2-M","wposition":{"x":6.694958686828613,"y":-0.015739917755126954,"z":2.27175235748291},"sposition":{"x":179.2888946533203,"y":421.54248046875,"z":18.16015625}}]}