{"cameraName":"L3FrontCam","frameNum":"14","objects":[{"objectName":"Player8-W","wposition":{"x":4.020934581756592,"y":0.0,"z":4.399451732635498},"sposition":{"x":346.96392822265627,"y":377.26025390625,"z":15.984980583190918}},{"objectName":"Player2-M","wposition":{"x":1.433599591255188,"y":-0.006959438323974609,"z":2.211390733718872},"sposition":{"x":544.4852294921875,"y":416.7359619140625,"z":17.86885643005371}}]}