{"cameraName":"L3FrontCam","frameNum":"303","objects":[{"objectName":"Player8-W","wposition":{"x":4.424271106719971,"y":0.0,"z":12.095556259155274},"sposition":{"x":169.68667602539063,"y":67.2881851196289,"z":8.797064781188965}},{"objectName":"Player2-M","wposition":{"x":7.110308647155762,"y":-0.019135475158691407,"z":2.2718863487243654},"sposition":{"x":151.05174255371095,"y":421.81390380859377,"z":18.18842124938965}}]}