{"cameraName":"L3FrontCam","frameNum":"59","objects":[{"objectName":"Player8-W","wposition":{"x":4.083737850189209,"y":0.0,"z":5.59780740737915},"sposition":{"x":330.6289367675781,"y":348.6982727050781,"z":14.865755081176758}},{"objectName":"Player2-M","wposition":{"x":1.1681138277053834,"y":-0.0033189058303833009,"z":2.1824052333831789},"sposition":{"x":563.1436157226563,"y":417.16986083984377,"z":17.87738037109375}}]}