{"cameraName":"L3FrontCam","frameNum":"34","objects":[{"objectName":"Player8-W","wposition":{"x":4.048847198486328,"y":0.0,"z":4.932054042816162},"sposition":{"x":339.99542236328127,"y":365.07568359375,"z":15.487546920776368}},{"objectName":"Player2-M","wposition":{"x":1.2261890172958375,"y":0.013044238090515137,"z":2.2168843746185304},"sposition":{"x":559.2130737304688,"y":417.7452697753906,"z":17.843271255493165}}]}