{"cameraName":"L3FrontCam","frameNum":"313","objects":[{"objectName":"Player8-W","wposition":{"x":4.438227653503418,"y":0.0,"z":12.361857414245606},"sposition":{"x":158.21612548828126,"y":47.23169708251953,"z":8.548347473144532}},{"objectName":"Player2-M","wposition":{"x":7.353038311004639,"y":-0.004698276519775391,"z":2.2679076194763185},"sposition":{"x":134.58363342285157,"y":423.1432189941406,"z":18.203123092651368}}]}