{"cameraName":"L3FrontCam","frameNum":"60","objects":[{"objectName":"Player8-W","wposition":{"x":4.0851335525512699,"y":0.0,"z":5.62443733215332},"sposition":{"x":330.23797607421877,"y":348.0146484375,"z":14.840883255004883}},{"objectName":"Player2-M","wposition":{"x":1.191968560218811,"y":-0.0010876655578613282,"z":2.194324254989624},"sposition":{"x":561.509033203125,"y":417.1395568847656,"z":17.867008209228517}}]}