{"cameraName":"L3FrontCam","frameNum":"48","objects":[{"objectName":"Player8-W","wposition":{"x":4.068385601043701,"y":0.0,"z":5.30487585067749},"sposition":{"x":334.84503173828127,"y":356.070068359375,"z":15.13934326171875}},{"objectName":"Player2-M","wposition":{"x":1.0225179195404053,"y":-0.008824467658996582,"z":2.1464555263519289},"sposition":{"x":573.259765625,"y":417.2530212402344,"z":17.903419494628908}}]}