{"cameraName":"L3FrontCam","frameNum":"257","objects":[{"objectName":"Player8-W","wposition":{"x":4.360072135925293,"y":0.0,"z":10.87057113647461},"sposition":{"x":215.05865478515626,"y":146.62181091308595,"z":9.941162109375}},{"objectName":"Player2-M","wposition":{"x":6.041677951812744,"y":-0.0267031192779541,"z":2.272340774536133},"sposition":{"x":223.9228973388672,"y":420.0019836425781,"z":18.120534896850587}}]}