{"cameraName":"L3FrontCam","frameNum":"155","objects":[{"objectName":"Player8-W","wposition":{"x":4.217718124389648,"y":0.0,"z":8.154298782348633},"sposition":{"x":285.9871520996094,"y":270.641357421875,"z":12.478073120117188}},{"objectName":"Player2-M","wposition":{"x":3.506812810897827,"y":0.003278493881225586,"z":2.2664966583251955},"sposition":{"x":399.0146484375,"y":419.02630615234377,"z":17.94959831237793}}]}