{"cameraName":"L3FrontCam","frameNum":"23","objects":[{"objectName":"Player8-W","wposition":{"x":4.03349494934082,"y":0.0,"z":4.63912296295166},"sposition":{"x":343.882568359375,"y":371.87237548828127,"z":15.761136054992676}},{"objectName":"Player2-M","wposition":{"x":1.3611913919448853,"y":0.012485265731811524,"z":2.2113940715789797},"sposition":{"x":549.6520385742188,"y":417.97271728515627,"z":17.857460021972658}}]}