{"cameraName":"L3FrontCam","frameNum":"104","objects":[{"objectName":"Player8-W","wposition":{"x":4.146541118621826,"y":0.0,"z":6.7961626052856449},"sposition":{"x":311.6340026855469,"y":315.4853515625,"z":13.746529579162598}},{"objectName":"Player2-M","wposition":{"x":2.323503255844116,"y":0.0053528547286987309,"z":2.272339105606079},"sposition":{"x":481.8728332519531,"y":417.59869384765627,"z":17.865846633911134}}]}