{"cameraName":"L3FrontCam","frameNum":"215","objects":[{"objectName":"Player8-W","wposition":{"x":4.301455974578857,"y":0.0,"z":9.752105712890625},"sposition":{"x":248.2318115234375,"y":204.62559509277345,"z":10.985773086547852}},{"objectName":"Player2-M","wposition":{"x":4.965977668762207,"y":-0.021924972534179689,"z":2.271653175354004},"sposition":{"x":297.8172912597656,"y":419.0218811035156,"z":18.04903221130371}}]}