{"cameraName":"L3FrontCam","frameNum":"56","objects":[{"objectName":"Player8-W","wposition":{"x":4.079550743103027,"y":0.0,"z":5.517916679382324},"sposition":{"x":331.7940979003906,"y":350.7355651855469,"z":14.940370559692383}},{"objectName":"Player2-M","wposition":{"x":1.097888469696045,"y":-0.009142279624938965,"z":2.1441032886505129},"sposition":{"x":567.9345703125,"y":417.3667907714844,"z":17.910673141479493}}]}