{"cameraName":"L3FrontCam","frameNum":"13","objects":[{"objectName":"Player8-W","wposition":{"x":4.019538879394531,"y":0.0,"z":4.372821807861328},"sposition":{"x":347.3009948730469,"y":377.8495788574219,"z":16.009851455688478}},{"objectName":"Player2-M","wposition":{"x":1.4395583868026734,"y":-0.008734822273254395,"z":2.211387872695923},"sposition":{"x":544.0598754882813,"y":416.6223449707031,"z":17.869857788085939}}]}