{"cameraName":"L3FrontCam","frameNum":"130","objects":[{"objectName":"Player8-W","wposition":{"x":4.182827472686768,"y":0.0,"z":7.488545894622803},"sposition":{"x":299.17974853515627,"y":293.7088623046875,"z":13.099864959716797}},{"objectName":"Player2-M","wposition":{"x":2.898292303085327,"y":-0.015665292739868165,"z":2.2716774940490724},"sposition":{"x":441.5061340332031,"y":416.8930358886719,"z":17.911333084106447}}]}