{"cameraName":"L3FrontCam","frameNum":"212","objects":[{"objectName":"Player8-W","wposition":{"x":4.297268867492676,"y":0.0,"z":9.672215461730957},"sposition":{"x":250.36154174804688,"y":208.34945678710938,"z":11.06038761138916}},{"objectName":"Player2-M","wposition":{"x":4.894054889678955,"y":-0.021679282188415529,"z":2.271652936935425},"sposition":{"x":302.7784729003906,"y":418.9503173828125,"z":18.044235229492189}}]}