{"cameraName":"L3FrontCam","frameNum":"148","objects":[{"objectName":"Player8-W","wposition":{"x":4.207948684692383,"y":0.0,"z":7.967887878417969},"sposition":{"x":289.8117980957031,"y":277.32879638671877,"z":12.652175903320313}},{"objectName":"Player2-M","wposition":{"x":3.3322198390960695,"y":0.0030837059020996095,"z":2.2703800201416017},"sposition":{"x":411.1783142089844,"y":418.7290954589844,"z":17.934579849243165}}]}