{"cameraName":"L3FrontCam","frameNum":"160","objects":[{"objectName":"Player8-W","wposition":{"x":4.224696159362793,"y":0.0,"z":8.287449836730957},"sposition":{"x":283.1892395019531,"y":265.74920654296877,"z":12.353714942932129}},{"objectName":"Player2-M","wposition":{"x":3.63749361038208,"y":-0.0017904043197631837,"z":2.270535945892334},"sposition":{"x":389.8870849609375,"y":418.7718505859375,"z":17.956111907958986}}]}