{"cameraName":"L3FrontCam","frameNum":"200","objects":[{"objectName":"Player8-W","wposition":{"x":4.280521392822266,"y":0.0,"z":9.352654457092286},"sposition":{"x":258.6006774902344,"y":222.7556915283203,"z":11.358847618103028}},{"objectName":"Player2-M","wposition":{"x":4.6310248374938969,"y":-0.0035839080810546877,"z":2.2716498374938967},"sposition":{"x":320.9190673828125,"y":419.8519287109375,"z":18.02080535888672}}]}