{"cameraName":"L3FrontCam","frameNum":"0","objects":[{"objectName":"Player8-W","wposition":{"x":4.0013957023620609,"y":0.0,"z":4.02662992477417},"sposition":{"x":351.58935546875,"y":385.3478088378906,"z":16.33318328857422}},{"objectName":"Player2-M","wposition":{"x":1.4967501163482667,"y":0.0,"z":2.026467800140381},"sposition":{"x":539.5999145507813,"y":420.54931640625,"z":18.043964385986329}}]}