{"cameraName":"L3FrontCam","frameNum":"237","objects":[{"objectName":"Player8-W","wposition":{"x":4.332159519195557,"y":0.0,"z":10.337968826293946},"sposition":{"x":231.68344116210938,"y":175.6905059814453,"z":10.438594818115235}},{"objectName":"Player2-M","wposition":{"x":5.508522987365723,"y":-0.0030748844146728517,"z":2.2683889865875246},"sposition":{"x":260.46197509765627,"y":421.0145568847656,"z":18.081209182739259}}]}