{"cameraName":"L3FrontCam","frameNum":"281","objects":[{"objectName":"Player8-W","wposition":{"x":4.3935675621032719,"y":0.0,"z":11.50969409942627},"sposition":{"x":192.7724609375,"y":107.65414428710938,"z":9.34424114227295}},{"objectName":"Player2-M","wposition":{"x":6.608813762664795,"y":-0.008083701133728028,"z":2.2717525959014894},"sposition":{"x":185.1278076171875,"y":421.9530029296875,"z":18.151891708374025}}]}