{"cameraName":"L3FrontCam","frameNum":"228","objects":[{"objectName":"Player8-W","wposition":{"x":4.319599151611328,"y":0.0,"z":10.098297119140625},"sposition":{"x":238.6585235595703,"y":187.88656616210938,"z":10.66244125366211}},{"objectName":"Player2-M","wposition":{"x":5.281487464904785,"y":-0.002299785614013672,"z":2.271653890609741},"sposition":{"x":276.035888671875,"y":420.7335205078125,"z":18.06300163269043}}]}