{"cameraName":"L3FrontCam","frameNum":"36","objects":[{"objectName":"Player8-W","wposition":{"x":4.051638126373291,"y":0.0,"z":4.98531436920166},"sposition":{"x":339.2738952636719,"y":363.8140563964844,"z":15.437804222106934}},{"objectName":"Player2-M","wposition":{"x":1.1973178386688233,"y":0.009819984436035157,"z":2.217864990234375},"sposition":{"x":561.2486572265625,"y":417.4715576171875,"z":17.841562271118165}}]}