{"cameraName":"L3FrontCam","frameNum":"176","objects":[{"objectName":"Player8-W","wposition":{"x":4.247026443481445,"y":0.0,"z":8.713531494140625},"sposition":{"x":273.8448791503906,"y":249.41043090820313,"z":11.955768585205079}},{"objectName":"Player2-M","wposition":{"x":4.06503963470459,"y":-0.022151947021484376,"z":2.27227783203125},"sposition":{"x":360.1533508300781,"y":417.8872375488281,"z":17.989469528198243}}]}