{"cameraName":"L3FrontCam","frameNum":"57","objects":[{"objectName":"Player8-W","wposition":{"x":4.080946445465088,"y":0.0,"z":5.544547080993652},"sposition":{"x":331.4070129394531,"y":350.0587158203125,"z":14.915498733520508}},{"objectName":"Player2-M","wposition":{"x":1.1210687160491944,"y":-0.007750391960144043,"z":2.1572859287261965},"sposition":{"x":566.3555297851563,"y":417.25616455078127,"z":17.89936065673828}}]}