{"cameraName":"L3FrontCam","frameNum":"197","objects":[{"objectName":"Player8-W","wposition":{"x":4.276334285736084,"y":0.0,"z":9.272764205932618},"sposition":{"x":260.59326171875,"y":226.23973083496095,"z":11.433462142944336}},{"objectName":"Player2-M","wposition":{"x":4.565468788146973,"y":0.0013679265975952149,"z":2.271656036376953},"sposition":{"x":325.4469909667969,"y":420.1068115234375,"z":18.014808654785158}}]}