{"cameraName":"L3FrontCam","frameNum":"125","objects":[{"objectName":"Player8-W","wposition":{"x":4.175849437713623,"y":0.0,"z":7.355395317077637},"sposition":{"x":301.6694030761719,"y":298.0620422363281,"z":13.224224090576172}},{"objectName":"Player2-M","wposition":{"x":2.7893781661987306,"y":-0.009760379791259766,"z":2.271677017211914},"sposition":{"x":449.141357421875,"y":417.15960693359377,"z":17.90217399597168}}]}