{"cameraName":"L3FrontCam","frameNum":"206","objects":[{"objectName":"Player8-W","wposition":{"x":4.288895130157471,"y":0.0,"z":9.512434959411621},"sposition":{"x":254.5359649658203,"y":215.64849853515626,"z":11.209617614746094}},{"objectName":"Player2-M","wposition":{"x":4.759855270385742,"y":-0.014519333839416504,"z":2.2716522216796877},"sposition":{"x":312.031494140625,"y":419.26983642578127,"z":18.032989501953126}}]}