{"cameraName":"L3FrontCam","frameNum":"199","objects":[{"objectName":"Player8-W","wposition":{"x":4.279125690460205,"y":0.0,"z":9.326024055480957},"sposition":{"x":259.267822265625,"y":223.92213439941407,"z":11.383719444274903}},{"objectName":"Player2-M","wposition":{"x":4.60930061340332,"y":-0.0014832019805908204,"z":2.2716500759124758},"sposition":{"x":322.4185485839844,"y":419.967529296875,"z":18.01866340637207}}]}