{"cameraName":"L3FrontCam","frameNum":"117","objects":[{"objectName":"Player8-W","wposition":{"x":4.164684295654297,"y":0.0,"z":7.1423540115356449},"sposition":{"x":305.556884765625,"y":304.859375,"z":13.423197746276856}},{"objectName":"Player2-M","wposition":{"x":2.617036819458008,"y":0.004112124443054199,"z":2.2716829776763918},"sposition":{"x":461.2443542480469,"y":417.8905334472656,"z":17.886127471923829}}]}