{"cameraName":"L3FrontCam","frameNum":"40","objects":[{"objectName":"Player8-W","wposition":{"x":4.057220935821533,"y":0.0,"z":5.091835021972656},"sposition":{"x":337.81671142578127,"y":361.2662048339844,"z":15.338316917419434}},{"objectName":"Player2-M","wposition":{"x":1.1376879215240479,"y":0.001973271369934082,"z":2.218874931335449},"sposition":{"x":565.4466552734375,"y":416.8429870605469,"z":17.839391708374025}}]}