{"cameraName":"L3FrontCam","frameNum":"236","objects":[{"objectName":"Player8-W","wposition":{"x":4.330763816833496,"y":0.0,"z":10.311338424682618},"sposition":{"x":232.47323608398438,"y":177.07139587402345,"z":10.46346664428711}},{"objectName":"Player2-M","wposition":{"x":5.482457637786865,"y":-0.0020395517349243166,"z":2.2683889865875246},"sposition":{"x":262.25042724609377,"y":421.0527038574219,"z":18.079147338867189}}]}