{"cameraName":"L3FrontCam","frameNum":"26","objects":[{"objectName":"Player8-W","wposition":{"x":4.037682056427002,"y":0.0,"z":4.719013214111328},"sposition":{"x":342.8358459472656,"y":370.042236328125,"z":15.68652057647705}},{"objectName":"Player2-M","wposition":{"x":1.3290926218032838,"y":0.016291141510009767,"z":2.2121808528900148},"sposition":{"x":551.9330444335938,"y":418.1787414550781,"z":17.853313446044923}}]}