{"cameraName":"L3FrontCam","frameNum":"174","objects":[{"objectName":"Player8-W","wposition":{"x":4.244235038757324,"y":0.0,"z":8.660270690917969},"sposition":{"x":275.04681396484377,"y":251.51202392578126,"z":12.005512237548829}},{"objectName":"Player2-M","wposition":{"x":4.012022018432617,"y":-0.023213624954223634,"z":2.2722697257995607},"sposition":{"x":363.8355407714844,"y":417.74993896484377,"z":17.98636245727539}}]}