{"cameraName":"L3FrontCam","frameNum":"315","objects":[{"objectName":"Player8-W","wposition":{"x":4.441018581390381,"y":0.0,"z":12.415118217468262},"sposition":{"x":155.84141540527345,"y":43.07949447631836,"z":8.498603820800782}},{"objectName":"Player2-M","wposition":{"x":7.403145790100098,"y":-0.004897356033325195,"z":2.2668962478637697},"sposition":{"x":131.20703125,"y":423.2073669433594,"z":18.207422256469728}}]}