{"cameraName":"L3FrontCam","frameNum":"308","objects":[{"objectName":"Player8-W","wposition":{"x":4.431249141693115,"y":0.0,"z":12.228707313537598},"sposition":{"x":164.03363037109376,"y":57.403690338134769,"z":8.67270565032959}},{"objectName":"Player2-M","wposition":{"x":7.231539726257324,"y":-0.008563637733459473,"z":2.2718863487243654},"sposition":{"x":142.7713165283203,"y":422.66943359375,"z":18.192750930786134}}]}