{"cameraName":"L3FrontCam","frameNum":"7","objects":[{"objectName":"Player8-W","wposition":{"x":4.011165142059326,"y":0.0,"z":4.213040828704834},"sposition":{"x":349.3015441894531,"y":381.34759521484377,"z":16.159082412719728}},{"objectName":"Player2-M","wposition":{"x":1.4710924625396729,"y":-0.010442256927490235,"z":2.205721855163574},"sposition":{"x":541.81591796875,"y":416.6462707519531,"z":17.87782096862793}}]}