{"cameraName":"L3FrontCam","frameNum":"231","objects":[{"objectName":"Player8-W","wposition":{"x":4.323785781860352,"y":0.0,"z":10.17818832397461},"sposition":{"x":236.36624145507813,"y":183.87847900390626,"z":10.587825775146485}},{"objectName":"Player2-M","wposition":{"x":5.355268955230713,"y":-0.0010979175567626954,"z":2.269899606704712},"sposition":{"x":270.9757385253906,"y":420.9351501464844,"z":18.069072723388673}}]}