{"cameraName":"L3FrontCam","frameNum":"109","objects":[{"objectName":"Player8-W","wposition":{"x":4.153519153594971,"y":0.0,"z":6.9293131828308109},"sposition":{"x":309.330810546875,"y":311.4581604003906,"z":13.622170448303223}},{"objectName":"Player2-M","wposition":{"x":2.4386298656463625,"y":0.009340882301330567,"z":2.2719857692718508},"sposition":{"x":473.782958984375,"y":418.02020263671877,"z":17.872360229492189}}]}