{"cameraName":"L3FrontCam","frameNum":"234","objects":[{"objectName":"Player8-W","wposition":{"x":4.327972888946533,"y":0.0,"z":10.258078575134278},"sposition":{"x":234.04147338867188,"y":179.81353759765626,"z":10.51321029663086}},{"objectName":"Player2-M","wposition":{"x":5.4305572509765629,"y":-0.0014064311981201172,"z":2.268388509750366},"sposition":{"x":265.8163146972656,"y":421.03228759765627,"z":18.07552719116211}}]}