{"cameraName":"L3FrontCam","frameNum":"292","objects":[{"objectName":"Player8-W","wposition":{"x":4.408919334411621,"y":0.0,"z":11.80262565612793},"sposition":{"x":181.57772827148438,"y":88.07987976074219,"z":9.07065200805664}},{"objectName":"Player2-M","wposition":{"x":6.846827507019043,"y":-0.025641918182373048,"z":2.27175235748291},"sposition":{"x":168.99253845214845,"y":421.06103515625,"z":18.173498153686525}}]}