{"cameraName":"L3FrontCam","frameNum":"79","objects":[{"objectName":"Player8-W","wposition":{"x":4.111650466918945,"y":0.0,"z":6.1304097175598148},"sposition":{"x":322.5520935058594,"y":334.57574462890627,"z":14.368321418762207}},{"objectName":"Player2-M","wposition":{"x":1.6701503992080689,"y":0.002018570899963379,"z":2.2713253498077394},"sposition":{"x":527.9371948242188,"y":416.57421875,"z":17.825109481811525}}]}