{"cameraName":"L3FrontCam","frameNum":"103","objects":[{"objectName":"Player8-W","wposition":{"x":4.145145416259766,"y":0.0,"z":6.769532680511475},"sposition":{"x":312.0896911621094,"y":316.2820739746094,"z":13.771400451660157}},{"objectName":"Player2-M","wposition":{"x":2.2989516258239748,"y":0.0035858154296875,"z":2.272339344024658},"sposition":{"x":483.5973815917969,"y":417.4476013183594,"z":17.86484146118164}}]}