{"cameraName":"L3FrontCam","frameNum":"144","objects":[{"objectName":"Player8-W","wposition":{"x":4.202366352081299,"y":0.0,"z":7.861367225646973},"sposition":{"x":291.95037841796877,"y":281.0682067871094,"z":12.751662254333496}},{"objectName":"Player2-M","wposition":{"x":3.2344677448272707,"y":-0.003214240074157715,"z":2.271855115890503},"sposition":{"x":417.99810791015627,"y":418.1539306640625,"z":17.928945541381837}}]}