{"cameraName":"L3FrontCam","frameNum":"211","objects":[{"objectName":"Player8-W","wposition":{"x":4.295873165130615,"y":0.0,"z":9.645585060119629},"sposition":{"x":251.0651092529297,"y":209.5796356201172,"z":11.085259437561036}},{"objectName":"Player2-M","wposition":{"x":4.8704962730407719,"y":-0.020765066146850587,"z":2.271653652191162},"sposition":{"x":304.40264892578127,"y":418.9831848144531,"z":18.042375564575197}}]}