{"cameraName":"L3FrontCam","frameNum":"273","objects":[{"objectName":"Player8-W","wposition":{"x":4.382402420043945,"y":0.0,"z":11.296652793884278},"sposition":{"x":200.51092529296876,"y":121.18501281738281,"z":9.543214797973633}},{"objectName":"Player2-M","wposition":{"x":6.430301189422607,"y":-0.0005950927734375,"z":2.2717533111572267},"sposition":{"x":197.27630615234376,"y":422.2410583496094,"z":18.13762855529785}}]}