{"cameraName":"L3FrontCam","frameNum":"247","objects":[{"objectName":"Player8-W","wposition":{"x":4.346116065979004,"y":0.0,"z":10.604269981384278},"sposition":{"x":223.5739288330078,"y":161.51092529296876,"z":10.189878463745118}},{"objectName":"Player2-M","wposition":{"x":5.771212100982666,"y":-0.01878058910369873,"z":2.272341251373291},"sposition":{"x":242.42515563964845,"y":420.20623779296877,"z":18.100095748901368}}]}