{"cameraName":"L3FrontCam","frameNum":"193","objects":[{"objectName":"Player8-W","wposition":{"x":4.270751953125,"y":0.0,"z":9.166243553161621},"sposition":{"x":263.2099609375,"y":230.8150177001953,"z":11.532949447631836}},{"objectName":"Player2-M","wposition":{"x":4.475727081298828,"y":0.004591822624206543,"z":2.271655559539795},"sposition":{"x":331.65496826171877,"y":420.21527099609377,"z":18.007823944091798}}]}