{"cameraName":"L3FrontCam","frameNum":"106","objects":[{"objectName":"Player8-W","wposition":{"x":4.149332523345947,"y":0.0,"z":6.849422931671143},"sposition":{"x":310.71771240234377,"y":313.8832702636719,"z":13.696786880493164}},{"objectName":"Player2-M","wposition":{"x":2.369908571243286,"y":0.008061528205871582,"z":2.2722673416137697},"sposition":{"x":478.61285400390627,"y":417.842529296875,"z":17.868026733398439}}]}