{"cameraName":"L3FrontCam","frameNum":"179","objects":[{"objectName":"Player8-W","wposition":{"x":4.251213073730469,"y":0.0,"z":8.793421745300293},"sposition":{"x":272.0231628417969,"y":246.22506713867188,"z":11.881153106689454}},{"objectName":"Player2-M","wposition":{"x":4.1422505378723148,"y":-0.015619277954101563,"z":2.2722697257995607},"sposition":{"x":354.7890319824219,"y":418.4253234863281,"z":17.99230194091797}}]}