{"cameraName":"L3FrontCam","frameNum":"184","objects":[{"objectName":"Player8-W","wposition":{"x":4.2581915855407719,"y":0.0,"z":8.9265718460083},"sposition":{"x":268.9354553222656,"y":240.82627868652345,"z":11.756794929504395}},{"objectName":"Player2-M","wposition":{"x":4.268237590789795,"y":-0.00332033634185791,"z":2.27225661277771},"sposition":{"x":346.037841796875,"y":419.41412353515627,"z":17.996366500854493}}]}