{"cameraName":"L3FrontCam","frameNum":"153","objects":[{"objectName":"Player8-W","wposition":{"x":4.214926719665527,"y":0.0,"z":8.101038932800293},"sposition":{"x":287.0907287597656,"y":272.5710144042969,"z":12.527816772460938}},{"objectName":"Player2-M","wposition":{"x":3.4549994468688967,"y":0.003986239433288574,"z":2.266489028930664},"sposition":{"x":402.6278076171875,"y":419.0106506347656,"z":17.945968627929689}}]}