{"cameraName":"L3FrontCam","frameNum":"264","objects":[{"objectName":"Player8-W","wposition":{"x":4.369841575622559,"y":0.0,"z":11.056982040405274},"sposition":{"x":208.83993530273438,"y":135.74826049804688,"z":9.767059326171875}},{"objectName":"Player2-M","wposition":{"x":6.219958305358887,"y":-0.010564088821411133,"z":2.272341251373291},"sposition":{"x":211.6738739013672,"y":421.3052062988281,"z":18.12670135498047}}]}