{"cameraName":"L3FrontCam","frameNum":"29","objects":[{"objectName":"Player8-W","wposition":{"x":4.041868686676025,"y":0.0,"z":4.798903465270996},"sposition":{"x":341.7792053222656,"y":368.19464111328127,"z":15.611906051635743}},{"objectName":"Player2-M","wposition":{"x":1.2935677766799927,"y":0.016291260719299318,"z":2.213951349258423},"sposition":{"x":554.4491577148438,"y":418.10308837890627,"z":17.84932518005371}}]}