{"cameraName":"L3FrontCam","frameNum":"17","objects":[{"objectName":"Player8-W","wposition":{"x":4.025121212005615,"y":0.0,"z":4.479341983795166},"sposition":{"x":345.9464416503906,"y":375.48114013671877,"z":15.91036605834961}},{"objectName":"Player2-M","wposition":{"x":1.4134166240692139,"y":0.00009930133819580078,"z":2.211392402648926},"sposition":{"x":545.9293212890625,"y":417.19232177734377,"z":17.86511993408203}}]}