{"cameraName":"L3FrontCam","frameNum":"165","objects":[{"objectName":"Player8-W","wposition":{"x":4.2316741943359379,"y":0.0,"z":8.420599937438965},"sposition":{"x":280.33447265625,"y":260.757568359375,"z":12.22935676574707}},{"objectName":"Player2-M","wposition":{"x":3.769036293029785,"y":-0.010701298713684082,"z":2.272263765335083},"sposition":{"x":380.72113037109377,"y":418.2987060546875,"z":17.966161727905275}}]}