{"cameraName":"L3FrontCam","frameNum":"278","objects":[{"objectName":"Player8-W","wposition":{"x":4.38938045501709,"y":0.0,"z":11.429803848266602},"sposition":{"x":195.71279907226563,"y":112.7951889038086,"z":9.418855667114258}},{"objectName":"Player2-M","wposition":{"x":6.543118000030518,"y":-0.0035539865493774416,"z":2.2717525959014894},"sposition":{"x":189.5894317626953,"y":422.17828369140627,"z":18.14603614807129}}]}