{"cameraName":"L3FrontCam","frameNum":"178","objects":[{"objectName":"Player8-W","wposition":{"x":4.249817371368408,"y":0.0,"z":8.766791343688965},"sposition":{"x":272.6329345703125,"y":247.2913055419922,"z":11.906024932861329}},{"objectName":"Player2-M","wposition":{"x":4.116627216339111,"y":-0.01786172389984131,"z":2.2722692489624025},"sposition":{"x":356.5691223144531,"y":418.2417907714844,"z":17.991390228271486}}]}