{"cameraName":"L3FrontCam","frameNum":"254","objects":[{"objectName":"Player8-W","wposition":{"x":4.3558855056762699,"y":0.0,"z":10.790680885314942},"sposition":{"x":217.65765380859376,"y":151.1661834716797,"z":10.015776634216309}},{"objectName":"Player2-M","wposition":{"x":5.9602460861206059,"y":-0.0283585786819458,"z":2.272340774536133},"sposition":{"x":229.5021514892578,"y":419.79132080078127,"z":18.11576271057129}}]}