{"cameraName":"L3FrontCam","frameNum":"224","objects":[{"objectName":"Player8-W","wposition":{"x":4.314016342163086,"y":0.0,"z":9.991777420043946},"sposition":{"x":241.6654052734375,"y":193.14413452148438,"z":10.761926651000977}},{"objectName":"Player2-M","wposition":{"x":5.182413101196289,"y":-0.009280920028686524,"z":2.2716541290283205},"sposition":{"x":282.87371826171877,"y":420.14105224609377,"z":18.058895111083986}}]}