{"cameraName":"L3FrontCam","frameNum":"10","objects":[{"objectName":"Player8-W","wposition":{"x":4.01535177230835,"y":0.0,"z":4.29293155670166},"sposition":{"x":348.305908203125,"y":379.6067199707031,"z":16.0844669342041}},{"objectName":"Player2-M","wposition":{"x":1.4563984870910645,"y":-0.01161336898803711,"z":2.2092580795288088},"sposition":{"x":542.8582153320313,"y":416.4850158691406,"z":17.873943328857423}}]}