{"cameraName":"L3FrontCam","frameNum":"192","objects":[{"objectName":"Player8-W","wposition":{"x":4.2693562507629398,"y":0.0,"z":9.139613151550293},"sposition":{"x":263.8570861816406,"y":231.946533203125,"z":11.557821273803711}},{"objectName":"Player2-M","wposition":{"x":4.452756404876709,"y":0.004618525505065918,"z":2.2716517448425295},"sposition":{"x":333.24578857421877,"y":420.18902587890627,"z":18.00631332397461}}]}