{"cameraName":"L3FrontCam","frameNum":"102","objects":[{"objectName":"Player8-W","wposition":{"x":4.143749713897705,"y":0.0,"z":6.7429022789001469},"sposition":{"x":312.543701171875,"y":317.0758972167969,"z":13.796272277832032}},{"objectName":"Player2-M","wposition":{"x":2.274230718612671,"y":0.001635909080505371,"z":2.2723398208618166},"sposition":{"x":485.333740234375,"y":417.28375244140627,"z":17.863887786865236}}]}