{"cameraName":"L3FrontCam","frameNum":"181","objects":[{"objectName":"Player8-W","wposition":{"x":4.25400447845459,"y":0.0,"z":8.846681594848633},"sposition":{"x":270.79583740234377,"y":244.0791778564453,"z":11.831409454345704}},{"objectName":"Player2-M","wposition":{"x":4.193100929260254,"y":-0.010277271270751953,"z":2.2722628116607668},"sposition":{"x":351.2560729980469,"y":418.85009765625,"z":17.993816375732423}}]}