{"cameraName":"L3FrontCam","frameNum":"309","objects":[{"objectName":"Player8-W","wposition":{"x":4.432644844055176,"y":0.0,"z":12.255337715148926},"sposition":{"x":162.8834991455078,"y":55.392677307128909,"z":8.647833824157715}},{"objectName":"Player2-M","wposition":{"x":7.255640506744385,"y":-0.0072547197341918949,"z":2.271127939224243},"sposition":{"x":141.14324951171876,"y":422.7992858886719,"z":18.194595336914064}}]}