{"cameraName":"L3FrontCam","frameNum":"265","objects":[{"objectName":"Player8-W","wposition":{"x":4.371237277984619,"y":0.0,"z":11.083612442016602},"sposition":{"x":207.9333953857422,"y":134.16314697265626,"z":9.7421875}},{"objectName":"Player2-M","wposition":{"x":6.2448344230651859,"y":-0.008575201034545899,"z":2.272341251373291},"sposition":{"x":209.96632385253907,"y":421.46923828125,"z":18.12765121459961}}]}