{"cameraName":"L3FrontCam","frameNum":"67","objects":[{"objectName":"Player8-W","wposition":{"x":4.094902992248535,"y":0.0,"z":5.810848236083984},"sposition":{"x":327.4639587402344,"y":343.1642150878906,"z":14.666781425476075}},{"objectName":"Player2-M","wposition":{"x":1.362121820449829,"y":0.010224580764770508,"z":2.259226083755493},"sposition":{"x":549.7213745117188,"y":416.9667053222656,"z":17.813453674316408}}]}