{"cameraName":"L3FrontCam","frameNum":"256","objects":[{"objectName":"Player8-W","wposition":{"x":4.358676433563232,"y":0.0,"z":10.843940734863282},"sposition":{"x":215.9293212890625,"y":148.14418029785157,"z":9.966033935546875}},{"objectName":"Player2-M","wposition":{"x":6.014742851257324,"y":-0.028388381004333497,"z":2.272340774536133},"sposition":{"x":225.77175903320313,"y":419.855712890625,"z":18.119346618652345}}]}