{"cameraName":"L3FrontCam","frameNum":"240","objects":[{"objectName":"Player8-W","wposition":{"x":4.336346626281738,"y":0.0,"z":10.417859077453614},"sposition":{"x":229.29144287109376,"y":171.5081024169922,"z":10.363980293273926}},{"objectName":"Player2-M","wposition":{"x":5.587046146392822,"y":-0.006518244743347168,"z":2.2703824043273927},"sposition":{"x":255.05294799804688,"y":420.843017578125,"z":18.085664749145509}}]}