{"cameraName":"L3FrontCam","frameNum":"24","objects":[{"objectName":"Player8-W","wposition":{"x":4.034890651702881,"y":0.0,"z":4.66575288772583},"sposition":{"x":343.5347595214844,"y":371.2642517089844,"z":15.7362642288208}},{"objectName":"Player2-M","wposition":{"x":1.3509275913238526,"y":0.013761043548583985,"z":2.211394786834717},"sposition":{"x":550.3807373046875,"y":418.0470275878906,"z":17.856348037719728}}]}