{"cameraName":"L3FrontCam","frameNum":"138","objects":[{"objectName":"Player8-W","wposition":{"x":4.193992614746094,"y":0.0,"z":7.701586723327637},"sposition":{"x":295.096435546875,"y":286.5691833496094,"z":12.90089225769043}},{"objectName":"Player2-M","wposition":{"x":3.0904693603515627,"y":-0.016392230987548829,"z":2.2716665267944338},"sposition":{"x":428.0581359863281,"y":417.08258056640627,"z":17.924190521240236}}]}