{"cameraName":"L3FrontCam","frameNum":"21","objects":[{"objectName":"Player8-W","wposition":{"x":4.030704021453857,"y":0.0,"z":4.585862636566162},"sposition":{"x":344.5747985839844,"y":373.0828552246094,"z":15.81087875366211}},{"objectName":"Player2-M","wposition":{"x":1.3803918361663819,"y":0.009039521217346192,"z":2.211392879486084},"sposition":{"x":548.2861938476563,"y":417.7613525390625,"z":17.859895706176759}}]}