{"cameraName":"L3FrontCam","frameNum":"171","objects":[{"objectName":"Player8-W","wposition":{"x":4.240048408508301,"y":0.0,"z":8.5803804397583},"sposition":{"x":276.83111572265627,"y":254.63194274902345,"z":12.080126762390137}},{"objectName":"Player2-M","wposition":{"x":3.9297971725463869,"y":-0.021925926208496095,"z":2.272264242172241},"sposition":{"x":369.5469970703125,"y":417.73577880859377,"z":17.98053741455078}}]}