{"cameraName":"L3FrontCam","frameNum":"37","objects":[{"objectName":"Player8-W","wposition":{"x":4.053033828735352,"y":0.0,"z":5.011944770812988},"sposition":{"x":338.9113464355469,"y":363.1801452636719,"z":15.412932395935059}},{"objectName":"Player2-M","wposition":{"x":1.1826121807098389,"y":0.008010506629943848,"z":2.2181272506713869},"sposition":{"x":562.2843017578125,"y":417.32489013671877,"z":17.840970993041993}}]}