{"cameraName":"L3FrontCam","frameNum":"65","objects":[{"objectName":"Player8-W","wposition":{"x":4.092111587524414,"y":0.0,"z":5.757587909698486},"sposition":{"x":328.26324462890627,"y":344.561767578125,"z":14.716525077819825}},{"objectName":"Player2-M","wposition":{"x":1.3135266304016114,"y":0.008810997009277344,"z":2.2461657524108888},"sposition":{"x":553.11767578125,"y":417.04266357421877,"z":17.822994232177736}}]}