{"cameraName":"L3FrontCam","frameNum":"129","objects":[{"objectName":"Player8-W","wposition":{"x":4.181431770324707,"y":0.0,"z":7.461915493011475},"sposition":{"x":299.68145751953127,"y":294.5860900878906,"z":13.124736785888672}},{"objectName":"Player2-M","wposition":{"x":2.875199794769287,"y":-0.014897465705871582,"z":2.2716779708862306},"sposition":{"x":443.12396240234377,"y":416.91656494140627,"z":17.909557342529298}}]}