{"cameraName":"L3FrontCam","frameNum":"220","objects":[{"objectName":"Player8-W","wposition":{"x":4.308434009552002,"y":0.0,"z":9.88525676727295},"sposition":{"x":244.61721801757813,"y":198.30543518066407,"z":10.861413955688477}},{"objectName":"Player2-M","wposition":{"x":5.086798667907715,"y":-0.01859867572784424,"z":2.271653652191162},"sposition":{"x":289.4811096191406,"y":419.3946228027344,"z":18.05581283569336}}]}