{"cameraName":"L3FrontCam","frameNum":"205","objects":[{"objectName":"Player8-W","wposition":{"x":4.28749942779541,"y":0.0,"z":9.485804557800293},"sposition":{"x":255.22093200683595,"y":216.8461456298828,"z":11.234489440917969}},{"objectName":"Player2-M","wposition":{"x":4.738482475280762,"y":-0.012621045112609864,"z":2.2716524600982668},"sposition":{"x":313.50494384765627,"y":419.3720397949219,"z":18.03093910217285}}]}