{"cameraName":"L3FrontCam","frameNum":"227","objects":[{"objectName":"Player8-W","wposition":{"x":4.318203449249268,"y":0.0,"z":10.071667671203614},"sposition":{"x":239.41549682617188,"y":189.2101287841797,"z":10.687312126159668}},{"objectName":"Player2-M","wposition":{"x":5.256455898284912,"y":-0.0035142898559570314,"z":2.2716546058654787},"sposition":{"x":277.76190185546877,"y":420.6209411621094,"z":18.06177520751953}}]}