{"cameraName":"L3FrontCam","frameNum":"225","objects":[{"objectName":"Player8-W","wposition":{"x":4.3154120445251469,"y":0.0,"z":10.018406867980957},"sposition":{"x":240.91891479492188,"y":191.83888244628907,"z":10.737055778503418}},{"objectName":"Player2-M","wposition":{"x":5.206906318664551,"y":-0.006352782249450684,"z":2.271653890609741},"sposition":{"x":281.1802978515625,"y":420.3687438964844,"z":18.059497833251954}}]}