{"cameraName":"L3FrontCam","frameNum":"286","objects":[{"objectName":"Player8-W","wposition":{"x":4.400545597076416,"y":0.0,"z":11.642844200134278},"sposition":{"x":187.7663116455078,"y":98.90078735351563,"z":9.21988296508789}},{"objectName":"Player2-M","wposition":{"x":6.716367244720459,"y":-0.017504215240478517,"z":2.27175235748291},"sposition":{"x":177.8380889892578,"y":421.4498291015625,"z":18.16216278076172}}]}