{"cameraName":"L3FrontCam","frameNum":"8","objects":[{"objectName":"Player8-W","wposition":{"x":4.012560844421387,"y":0.0,"z":4.239671230316162},"sposition":{"x":348.970703125,"y":380.7690734863281,"z":16.13421058654785}},{"objectName":"Player2-M","wposition":{"x":1.4664418697357178,"y":-0.011587142944335938,"z":2.2070536613464357},"sposition":{"x":542.1442260742188,"y":416.5386657714844,"z":17.876657485961915}}]}