{"cameraName":"L3FrontCam","frameNum":"139","objects":[{"objectName":"Player8-W","wposition":{"x":4.195387840270996,"y":0.0,"z":7.728216648101807},"sposition":{"x":294.57720947265627,"y":285.66119384765627,"z":12.876020431518555}},{"objectName":"Player2-M","wposition":{"x":3.115039825439453,"y":-0.014508843421936036,"z":2.271852731704712},"sposition":{"x":426.3404846191406,"y":417.23785400390627,"z":17.92498207092285}}]}