{"cameraName":"L3FrontCam","frameNum":"170","objects":[{"objectName":"Player8-W","wposition":{"x":4.23865270614624,"y":0.0,"z":8.553750991821289},"sposition":{"x":277.4209899902344,"y":255.663330078125,"z":12.104997634887696}},{"objectName":"Player2-M","wposition":{"x":3.9021966457366945,"y":-0.020606040954589845,"z":2.272263526916504},"sposition":{"x":371.4645080566406,"y":417.79119873046877,"z":17.9782772064209}}]}