{"cameraName":"L3FrontCam","frameNum":"90","objects":[{"objectName":"Player8-W","wposition":{"x":4.127002239227295,"y":0.0,"z":6.423340797424316},"sposition":{"x":317.8668212890625,"y":326.38348388671877,"z":14.094733238220215}},{"objectName":"Player2-M","wposition":{"x":1.9634548425674439,"y":-0.017143726348876954,"z":2.2723398208618166},"sposition":{"x":507.1898498535156,"y":415.6139831542969,"z":17.849939346313478}}]}