{"cameraName":"L3FrontCam","frameNum":"311","objects":[{"objectName":"Player8-W","wposition":{"x":4.435436248779297,"y":0.0,"z":12.308597564697266},"sposition":{"x":160.5633087158203,"y":51.33574676513672,"z":8.598091125488282}},{"objectName":"Player2-M","wposition":{"x":7.304262161254883,"y":-0.004698276519775391,"z":2.2695274353027345},"sposition":{"x":137.8614501953125,"y":423.05682373046877,"z":18.198406219482423}}]}