{"cameraName":"L3FrontCam","frameNum":"54","objects":[{"objectName":"Player8-W","wposition":{"x":4.0767598152160648,"y":0.0,"z":5.464656829833984},"sposition":{"x":332.56439208984377,"y":352.08245849609377,"z":14.990113258361817}},{"objectName":"Player2-M","wposition":{"x":1.0489095449447632,"y":-0.010228395462036133,"z":2.116049289703369},"sposition":{"x":571.2697143554688,"y":417.72967529296877,"z":17.934131622314454}}]}