{"cameraName":"L3FrontCam","frameNum":"246","objects":[{"objectName":"Player8-W","wposition":{"x":4.344720363616943,"y":0.0,"z":10.57763957977295},"sposition":{"x":224.4026641845703,"y":162.95997619628907,"z":10.214750289916993}},{"objectName":"Player2-M","wposition":{"x":5.744882583618164,"y":-0.016835331916809083,"z":2.27234148979187},"sposition":{"x":244.22506713867188,"y":420.3052978515625,"z":18.097705841064454}}]}