{"cameraName":"L3FrontCam","frameNum":"132","objects":[{"objectName":"Player8-W","wposition":{"x":4.185618877410889,"y":0.0,"z":7.541806221008301},"sposition":{"x":298.1705627441406,"y":291.9443359375,"z":13.050122261047364}},{"objectName":"Player2-M","wposition":{"x":2.9450159072875978,"y":-0.017320871353149415,"z":2.2716712951660158},"sposition":{"x":438.23370361328127,"y":416.8385925292969,"z":17.914968490600587}}]}