{"cameraName":"L3FrontCam","frameNum":"77","objects":[{"objectName":"Player8-W","wposition":{"x":4.108859062194824,"y":0.0,"z":6.077149391174316},"sposition":{"x":323.3848571777344,"y":336.0318603515625,"z":14.418065071105957}},{"objectName":"Player2-M","wposition":{"x":1.6176155805587769,"y":0.004862546920776367,"z":2.270319700241089},"sposition":{"x":531.6563110351563,"y":416.7209777832031,"z":17.821636199951173}}]}