{"cameraName":"L3FrontCam","frameNum":"274","objects":[{"objectName":"Player8-W","wposition":{"x":4.383798122406006,"y":0.0,"z":11.323283195495606},"sposition":{"x":199.56134033203126,"y":119.52458190917969,"z":9.518342971801758}},{"objectName":"Player2-M","wposition":{"x":6.4532575607299809,"y":-0.0006989240646362305,"z":2.2717530727386476},"sposition":{"x":195.70968627929688,"y":422.2618103027344,"z":18.139169692993165}}]}