{"cameraName":"L3FrontCam","frameNum":"44","objects":[{"objectName":"Player8-W","wposition":{"x":4.062803268432617,"y":0.0,"z":5.198355197906494},"sposition":{"x":336.3405456542969,"y":358.6850891113281,"z":15.23883056640625}},{"objectName":"Player2-M","wposition":{"x":1.077111005783081,"y":-0.004710078239440918,"z":2.2190709114074709},"sposition":{"x":569.7131958007813,"y":416.3071594238281,"z":17.837520599365236}}]}