{"cameraName":"L3FrontCam","frameNum":"66","objects":[{"objectName":"Player8-W","wposition":{"x":4.093507289886475,"y":0.0,"z":5.784217834472656},"sposition":{"x":327.8642578125,"y":343.8641662597656,"z":14.69165325164795}},{"objectName":"Player2-M","wposition":{"x":1.3378028869628907,"y":0.010224461555480957,"z":2.2543749809265138},"sposition":{"x":551.4287109375,"y":417.0230407714844,"z":17.81640625}}]}