{"cameraName":"L3FrontCam","frameNum":"126","objects":[{"objectName":"Player8-W","wposition":{"x":4.177244663238525,"y":0.0,"z":7.382025241851807},"sposition":{"x":301.17523193359377,"y":297.1979675292969,"z":13.199352264404297}},{"objectName":"Player2-M","wposition":{"x":2.8107783794403078,"y":-0.01105654239654541,"z":2.2716782093048097},"sposition":{"x":447.6404113769531,"y":417.09796142578127,"z":17.90401840209961}}]}