{"cameraName":"L3FrontCam","frameNum":"168","objects":[{"objectName":"Player8-W","wposition":{"x":4.235861301422119,"y":0.0,"z":8.500490188598633},"sposition":{"x":278.5935363769531,"y":257.7135925292969,"z":12.154741287231446}},{"objectName":"Player2-M","wposition":{"x":3.848005771636963,"y":-0.01721024513244629,"z":2.2722647190093996},"sposition":{"x":375.2303466796875,"y":417.95452880859377,"z":17.97356414794922}}]}