{"cameraName":"L3FrontCam","frameNum":"180","objects":[{"objectName":"Player8-W","wposition":{"x":4.252608776092529,"y":0.0,"z":8.820052146911621},"sposition":{"x":271.4107971191406,"y":245.15435791015626,"z":11.856281280517579}},{"objectName":"Player2-M","wposition":{"x":4.167745113372803,"y":-0.012960076332092286,"z":2.2722690105438234},"sposition":{"x":353.01763916015627,"y":418.636962890625,"z":17.993064880371095}}]}