{"cameraName":"L3FrontCam","frameNum":"154","objects":[{"objectName":"Player8-W","wposition":{"x":4.216322422027588,"y":0.0,"z":8.127668380737305},"sposition":{"x":286.5400390625,"y":271.6081237792969,"z":12.502944946289063}},{"objectName":"Player2-M","wposition":{"x":3.4808592796325685,"y":0.0036106109619140627,"z":2.2664897441864015},"sposition":{"x":400.8243103027344,"y":419.01702880859377,"z":17.947792053222658}}]}