{"cameraName":"L3FrontCam","frameNum":"52","objects":[{"objectName":"Player8-W","wposition":{"x":4.073968410491943,"y":0.0,"z":5.411396503448486},"sposition":{"x":333.3296203613281,"y":353.4204406738281,"z":15.039856910705567}},{"objectName":"Player2-M","wposition":{"x":1.0004563331604005,"y":-0.010215163230895996,"z":2.0863466262817385},"sposition":{"x":574.5558471679688,"y":418.1960754394531,"z":17.95879554748535}}]}