{"cameraName":"L3FrontCam","frameNum":"282","objects":[{"objectName":"Player8-W","wposition":{"x":4.394962787628174,"y":0.0,"z":11.536324501037598},"sposition":{"x":191.78199768066407,"y":105.92208099365235,"z":9.319369316101075}},{"objectName":"Player2-M","wposition":{"x":6.6304779052734379,"y":-0.010027647018432618,"z":2.2717525959014894},"sposition":{"x":183.6589813232422,"y":421.84844970703127,"z":18.153976440429689}}]}