{"cameraName":"L3FrontCam","frameNum":"38","objects":[{"objectName":"Player8-W","wposition":{"x":4.054429531097412,"y":0.0,"z":5.038574695587158},"sposition":{"x":338.54766845703127,"y":362.5442199707031,"z":15.388060569763184}},{"objectName":"Player2-M","wposition":{"x":1.1677628755569459,"y":0.006033778190612793,"z":2.2184154987335207},"sposition":{"x":563.3297729492188,"y":417.16619873046877,"z":17.840402603149415}}]}