{"cameraName":"L3FrontCam","frameNum":"164","objects":[{"objectName":"Player8-W","wposition":{"x":4.230278968811035,"y":0.0,"z":8.393969535827637},"sposition":{"x":280.9100646972656,"y":261.7640075683594,"z":12.254228591918946}},{"objectName":"Player2-M","wposition":{"x":3.7427024841308595,"y":-0.008894205093383789,"z":2.2720963954925539},"sposition":{"x":382.5542297363281,"y":418.391845703125,"z":17.96397590637207}}]}