{"cameraName":"L3FrontCam","frameNum":"238","objects":[{"objectName":"Player8-W","wposition":{"x":4.333555221557617,"y":0.0,"z":10.364599227905274},"sposition":{"x":230.889892578125,"y":174.30299377441407,"z":10.41372299194336}},{"objectName":"Player2-M","wposition":{"x":5.53464412689209,"y":-0.003983497619628906,"z":2.2687647342681886},"sposition":{"x":258.66522216796877,"y":420.97845458984377,"z":18.0828800201416}}]}