{"cameraName":"L3FrontCam","frameNum":"86","objects":[{"objectName":"Player8-W","wposition":{"x":4.121419906616211,"y":0.0,"z":6.3168206214904789},"sposition":{"x":319.5914611816406,"y":329.3990478515625,"z":14.194219589233399}},{"objectName":"Player2-M","wposition":{"x":1.854404091835022,"y":-0.011677384376525879,"z":2.272334098815918},"sposition":{"x":514.8937377929688,"y":415.85076904296877,"z":17.840927124023439}}]}