{"cameraName":"L3FrontCam","frameNum":"226","objects":[{"objectName":"Player8-W","wposition":{"x":4.316807746887207,"y":0.0,"z":10.045037269592286},"sposition":{"x":240.16897583007813,"y":190.52757263183595,"z":10.712183952331543}},{"objectName":"Player2-M","wposition":{"x":5.231593132019043,"y":-0.004725456237792969,"z":2.2716543674468996},"sposition":{"x":279.4765625,"y":420.5087890625,"z":18.06056022644043}}]}