{"cameraName":"L3FrontCam","frameNum":"149","objects":[{"objectName":"Player8-W","wposition":{"x":4.209344387054443,"y":0.0,"z":7.994518280029297},"sposition":{"x":289.2718811035156,"y":276.3847351074219,"z":12.627303123474121}},{"objectName":"Player2-M","wposition":{"x":3.3565635681152345,"y":0.004110217094421387,"z":2.269562244415283},"sposition":{"x":409.48248291015627,"y":418.8434143066406,"z":17.93659210205078}}]}