{"cameraName":"L3FrontCam","frameNum":"267","objects":[{"objectName":"Player8-W","wposition":{"x":4.37402868270874,"y":0.0,"z":11.136872291564942},"sposition":{"x":206.10630798339845,"y":130.9685821533203,"z":9.692444801330567}},{"objectName":"Player2-M","wposition":{"x":6.294022560119629,"y":-0.004624009132385254,"z":2.272341012954712},"sposition":{"x":206.5904083251953,"y":421.79486083984377,"z":18.12952423095703}}]}