{"cameraName":"L3FrontCam","frameNum":"162","objects":[{"objectName":"Player8-W","wposition":{"x":4.227487564086914,"y":0.0,"z":8.340709686279297},"sposition":{"x":282.0542297363281,"y":263.7646484375,"z":12.303972244262696}},{"objectName":"Player2-M","wposition":{"x":3.690063953399658,"y":-0.004993438720703125,"z":2.2716686725616457},"sposition":{"x":386.22015380859377,"y":418.5992431640625,"z":17.959590911865236}}]}