{"cameraName":"L3FrontCam","frameNum":"41","objects":[{"objectName":"Player8-W","wposition":{"x":4.058616638183594,"y":0.0,"z":5.118464946746826},"sposition":{"x":337.449462890625,"y":360.62408447265627,"z":15.313445091247559}},{"objectName":"Player2-M","wposition":{"x":1.1225709915161133,"y":0.00030922889709472656,"z":2.2189645767211916},"sposition":{"x":566.511474609375,"y":416.7088623046875,"z":17.838882446289064}}]}