{"cameraName":"L3FrontCam","frameNum":"137","objects":[{"objectName":"Player8-W","wposition":{"x":4.192596912384033,"y":0.0,"z":7.674956798553467},"sposition":{"x":295.6137390136719,"y":287.4736633300781,"z":12.925763130187989}},{"objectName":"Player2-M","wposition":{"x":3.065885066986084,"y":-0.017414450645446779,"z":2.2716612815856935},"sposition":{"x":429.7767639160156,"y":416.9825744628906,"z":17.922929763793947}}]}