{"cameraName":"L3FrontCam","frameNum":"221","objects":[{"objectName":"Player8-W","wposition":{"x":4.3098297119140629,"y":0.0,"z":9.911887168884278},"sposition":{"x":243.88436889648438,"y":197.02398681640626,"z":10.836542129516602}},{"objectName":"Player2-M","wposition":{"x":5.110388278961182,"y":-0.01585555076599121,"z":2.271653652191162},"sposition":{"x":287.84979248046877,"y":419.6088562011719,"z":18.056421279907228}}]}