{"cameraName":"L3FrontCam","frameNum":"62","objects":[{"objectName":"Player8-W","wposition":{"x":4.087924480438232,"y":0.0,"z":5.677697658538818},"sposition":{"x":329.45208740234377,"y":346.64044189453127,"z":14.791139602661133}},{"objectName":"Player2-M","wposition":{"x":1.2403230667114258,"y":0.0034254789352416994,"z":2.2168190479278566},"sposition":{"x":558.1841430664063,"y":417.1069641113281,"z":17.84754753112793}}]}