{"cameraName":"L3FrontCam","frameNum":"63","objects":[{"objectName":"Player8-W","wposition":{"x":4.089320182800293,"y":0.0,"z":5.704327583312988},"sposition":{"x":329.0571594238281,"y":345.94989013671877,"z":14.766268730163575}},{"objectName":"Player2-M","wposition":{"x":1.2648073434829713,"y":0.005621433258056641,"z":2.2273848056793215},"sposition":{"x":556.4947509765625,"y":417.09906005859377,"z":17.838497161865236}}]}