{"cameraName":"L3FrontCam","frameNum":"316","objects":[{"objectName":"Player8-W","wposition":{"x":4.442414283752441,"y":0.0,"z":12.44174861907959},"sposition":{"x":154.6436309814453,"y":40.98509979248047,"z":8.473731994628907}},{"objectName":"Player2-M","wposition":{"x":7.429000377655029,"y":-0.005221366882324219,"z":2.2668957710266115},"sposition":{"x":129.45668029785157,"y":423.2166748046875,"z":18.209230422973634}}]}