{"cameraName":"L3FrontCam","frameNum":"310","objects":[{"objectName":"Player8-W","wposition":{"x":4.434040546417236,"y":0.0,"z":12.281967163085938},"sposition":{"x":161.7267608642578,"y":53.370059967041019,"z":8.622962951660157}},{"objectName":"Player2-M","wposition":{"x":7.279913902282715,"y":-0.005923867225646973,"z":2.2703568935394289},"sposition":{"x":139.50393676757813,"y":422.9310302734375,"z":18.196453094482423}}]}