{"cameraName":"L3FrontCam","frameNum":"253","objects":[{"objectName":"Player8-W","wposition":{"x":4.354489803314209,"y":0.0,"z":10.764050483703614},"sposition":{"x":218.51539611816407,"y":152.666015625,"z":10.040648460388184}},{"objectName":"Player2-M","wposition":{"x":5.933004856109619,"y":-0.02834498882293701,"z":2.2723405361175539},"sposition":{"x":231.36744689941407,"y":419.7590637207031,"z":18.11397361755371}}]}