{"cameraName":"L3FrontCam","frameNum":"166","objects":[{"objectName":"Player8-W","wposition":{"x":4.233069896697998,"y":0.0,"z":8.447230339050293},"sposition":{"x":279.75653076171877,"y":259.74700927734377,"z":12.204484939575196}},{"objectName":"Player2-M","wposition":{"x":3.79537034034729,"y":-0.012595772743225098,"z":2.2722649574279787},"sposition":{"x":378.8895263671875,"y":418.20263671875,"z":17.968536376953126}}]}