{"cameraName":"L3FrontCam","frameNum":"53","objects":[{"objectName":"Player8-W","wposition":{"x":4.075364112854004,"y":0.0,"z":5.438026428222656},"sposition":{"x":332.9476318359375,"y":352.7525329589844,"z":15.014985084533692}},{"objectName":"Player2-M","wposition":{"x":1.024522304534912,"y":-0.010228395462036133,"z":2.1014270782470705},"sposition":{"x":572.9261474609375,"y":417.9583435058594,"z":17.94624137878418}}]}