{"cameraName":"L3FrontCam","frameNum":"111","objects":[{"objectName":"Player8-W","wposition":{"x":4.156310558319092,"y":0.0,"z":6.982573509216309},"sposition":{"x":308.397705078125,"y":309.8265686035156,"z":13.572427749633789}},{"objectName":"Player2-M","wposition":{"x":2.4826321601867677,"y":0.009340882301330567,"z":2.271679162979126},"sposition":{"x":470.690673828125,"y":418.0802917480469,"z":17.875532150268556}}]}