{"cameraName":"L3FrontCam","frameNum":"68","objects":[{"objectName":"Player8-W","wposition":{"x":4.0962982177734379,"y":0.0,"z":5.837478160858154},"sposition":{"x":327.0622863769531,"y":342.4619140625,"z":14.6419095993042}},{"objectName":"Player2-M","wposition":{"x":1.386183738708496,"y":0.01022481918334961,"z":2.260878801345825},"sposition":{"x":548.0225219726563,"y":416.96728515625,"z":17.8134822845459}}]}