{"cameraName":"L3FrontCam","frameNum":"107","objects":[{"objectName":"Player8-W","wposition":{"x":4.15072774887085,"y":0.0,"z":6.8760528564453129},"sposition":{"x":310.25714111328127,"y":313.07781982421877,"z":13.671914100646973}},{"objectName":"Player2-M","wposition":{"x":2.3938422203063967,"y":0.009340882301330567,"z":2.272268295288086},"sposition":{"x":476.9316101074219,"y":417.95953369140627,"z":17.869159698486329}}]}