{"cameraName":"L3FrontCam","frameNum":"177","objects":[{"objectName":"Player8-W","wposition":{"x":4.248422145843506,"y":0.0,"z":8.740161895751954},"sposition":{"x":273.24017333984377,"y":248.35305786132813,"z":11.930895805358887}},{"objectName":"Player2-M","wposition":{"x":4.0908918380737309,"y":-0.02017951011657715,"z":2.2722692489624025},"sposition":{"x":358.35723876953127,"y":418.0529479980469,"z":17.990497589111329}}]}