{"cameraName":"L3FrontCam","frameNum":"11","objects":[{"objectName":"Player8-W","wposition":{"x":4.01674747467041,"y":0.0,"z":4.31956148147583},"sposition":{"x":347.97198486328127,"y":379.0228271484375,"z":16.059595108032228}},{"objectName":"Player2-M","wposition":{"x":1.4509848356246949,"y":-0.011626720428466797,"z":2.210339069366455},"sposition":{"x":543.2428588867188,"y":416.45806884765627,"z":17.87257957458496}}]}