{"cameraName":"L3FrontCam","frameNum":"296","objects":[{"objectName":"Player8-W","wposition":{"x":4.414501667022705,"y":0.0,"z":11.90914535522461},"sposition":{"x":177.33761596679688,"y":80.66602325439453,"z":8.971166610717774}},{"objectName":"Player2-M","wposition":{"x":6.941609859466553,"y":-0.02718055248260498,"z":2.271752119064331},"sposition":{"x":162.55343627929688,"y":421.07244873046877,"z":18.180240631103517}}]}