{"cameraName":"L3FrontCam","frameNum":"156","objects":[{"objectName":"Player8-W","wposition":{"x":4.219113826751709,"y":0.0,"z":8.180929183959961},"sposition":{"x":285.4320068359375,"y":269.6707458496094,"z":12.453201293945313}},{"objectName":"Player2-M","wposition":{"x":3.532837390899658,"y":0.0027208328247070314,"z":2.2674155235290529},"sposition":{"x":397.1957702636719,"y":419.00433349609377,"z":17.950634002685548}}]}