{"cameraName":"L3FrontCam","frameNum":"121","objects":[{"objectName":"Player8-W","wposition":{"x":4.170266628265381,"y":0.0,"z":7.248874664306641},"sposition":{"x":303.6276550292969,"y":301.486083984375,"z":13.323710441589356}},{"objectName":"Player2-M","wposition":{"x":2.7037131786346437,"y":-0.0029250383377075197,"z":2.271681308746338},"sposition":{"x":455.1545715332031,"y":417.51861572265627,"z":17.894216537475587}}]}