{"cameraName":"L3FrontCam","frameNum":"123","objects":[{"objectName":"Player8-W","wposition":{"x":4.173058032989502,"y":0.0,"z":7.302134990692139},"sposition":{"x":302.6522216796875,"y":299.78045654296877,"z":13.273966789245606}},{"objectName":"Player2-M","wposition":{"x":2.7466068267822267,"y":-0.006445169448852539,"z":2.2716774940490724},"sposition":{"x":452.1429443359375,"y":417.3321838378906,"z":17.898237228393556}}]}