{"cameraName":"L3FrontCam","frameNum":"250","objects":[{"objectName":"Player8-W","wposition":{"x":4.350302696228027,"y":0.0,"z":10.684160232543946},"sposition":{"x":221.06336975097657,"y":157.12109375,"z":10.115262985229493}},{"objectName":"Player2-M","wposition":{"x":5.850136756896973,"y":-0.024408698081970216,"z":2.272341251373291},"sposition":{"x":237.0318603515625,"y":419.9231262207031,"z":18.107194900512697}}]}