{"cameraName":"L3FrontCam","frameNum":"163","objects":[{"objectName":"Player8-W","wposition":{"x":4.228883266448975,"y":0.0,"z":8.367340087890625},"sposition":{"x":281.4833068847656,"y":262.766357421875,"z":12.279099464416504}},{"objectName":"Player2-M","wposition":{"x":3.7163777351379396,"y":-0.0067223310470581059,"z":2.2718939781188967},"sposition":{"x":384.38720703125,"y":418.5103759765625,"z":17.96169662475586}}]}