{"cameraName":"L3FrontCam","frameNum":"84","objects":[{"objectName":"Player8-W","wposition":{"x":4.11862850189209,"y":0.0,"z":6.2635602951049809},"sposition":{"x":320.4447326660156,"y":330.8909912109375,"z":14.243963241577149}},{"objectName":"Player2-M","wposition":{"x":1.8017722368240357,"y":-0.0078105926513671879,"z":2.272325038909912},"sposition":{"x":518.6175537109375,"y":416.0491638183594,"z":17.836162567138673}}]}