{"cameraName":"L3FrontCam","frameNum":"245","objects":[{"objectName":"Player8-W","wposition":{"x":4.343324661254883,"y":0.0,"z":10.551009178161621},"sposition":{"x":225.22740173339845,"y":164.4019775390625,"z":10.239623069763184}},{"objectName":"Player2-M","wposition":{"x":5.718544960021973,"y":-0.014938592910766602,"z":2.272179365158081},"sposition":{"x":246.02822875976563,"y":420.4039306640625,"z":18.09547996520996}}]}