{"cameraName":"L3FrontCam","frameNum":"46","objects":[{"objectName":"Player8-W","wposition":{"x":4.065594673156738,"y":0.0,"z":5.251615524291992},"sposition":{"x":335.59521484375,"y":357.3818664550781,"z":15.1890869140625}},{"objectName":"Player2-M","wposition":{"x":1.049646019935608,"y":-0.007303476333618164,"z":2.1954548358917238},"sposition":{"x":571.552001953125,"y":416.51776123046877,"z":17.85874366760254}}]}