{"cameraName":"L3FrontCam","frameNum":"218","objects":[{"objectName":"Player8-W","wposition":{"x":4.305642604827881,"y":0.0,"z":9.831995964050293},"sposition":{"x":246.07296752929688,"y":200.85079956054688,"z":10.911157608032227}},{"objectName":"Player2-M","wposition":{"x":5.038629531860352,"y":-0.021924972534179689,"z":2.271653175354004},"sposition":{"x":292.8078918457031,"y":419.1109619140625,"z":18.05379295349121}}]}