{"cameraName":"L3FrontCam","frameNum":"208","objects":[{"objectName":"Player8-W","wposition":{"x":4.291686534881592,"y":0.0,"z":9.565694808959961},"sposition":{"x":253.1569061279297,"y":213.2371826171875,"z":11.159873962402344}},{"objectName":"Player2-M","wposition":{"x":4.802704334259033,"y":-0.017298340797424318,"z":2.27165150642395},"sposition":{"x":309.0766906738281,"y":419.1344299316406,"z":18.0367488861084}}]}