{"cameraName":"L3FrontCam","frameNum":"202","objects":[{"objectName":"Player8-W","wposition":{"x":4.283312797546387,"y":0.0,"z":9.405914306640625},"sposition":{"x":257.2576904296875,"y":220.40750122070313,"z":11.309104919433594}},{"objectName":"Player2-M","wposition":{"x":4.6741766929626469,"y":-0.007387042045593262,"z":2.2716541290283205},"sposition":{"x":317.9410095214844,"y":419.6473083496094,"z":18.024930953979493}}]}