{"cameraName":"L3FrontCam","frameNum":"305","objects":[{"objectName":"Player8-W","wposition":{"x":4.427062511444092,"y":0.0,"z":12.14881706237793},"sposition":{"x":167.44473266601563,"y":63.368045806884769,"z":8.747320175170899}},{"objectName":"Player2-M","wposition":{"x":7.158179759979248,"y":-0.014945387840270996,"z":2.271886110305786},"sposition":{"x":147.781494140625,"y":422.1528015136719,"z":18.19012451171875}}]}