{"cameraName":"L3FrontCam","frameNum":"280","objects":[{"objectName":"Player8-W","wposition":{"x":4.392171859741211,"y":0.0,"z":11.483063697814942},"sposition":{"x":193.75775146484376,"y":109.37694549560547,"z":9.369112968444825}},{"objectName":"Player2-M","wposition":{"x":6.587050914764404,"y":-0.006257891654968262,"z":2.2717528343200685},"sposition":{"x":186.6041717529297,"y":422.04949951171877,"z":18.14984130859375}}]}