{"cameraName":"L3FrontCam","frameNum":"190","objects":[{"objectName":"Player8-W","wposition":{"x":4.266565322875977,"y":0.0,"z":9.086353302001954},"sposition":{"x":265.1429138183594,"y":234.1949920654297,"z":11.607564926147461}},{"objectName":"Player2-M","wposition":{"x":4.408769607543945,"y":0.004618525505065918,"z":2.271984577178955},"sposition":{"x":336.2901306152344,"y":420.1293029785156,"z":18.00311851501465}}]}