{"cameraName":"L3FrontCam","frameNum":"297","objects":[{"objectName":"Player8-W","wposition":{"x":4.415897369384766,"y":0.0,"z":11.935775756835938},"sposition":{"x":176.26287841796876,"y":78.78678131103516,"z":8.946294784545899}},{"objectName":"Player2-M","wposition":{"x":6.965660572052002,"y":-0.027193903923034669,"z":2.27175235748291},"sposition":{"x":160.91860961914063,"y":421.1006164550781,"z":18.18181800842285}}]}