{"cameraName":"L3FrontCam","frameNum":"233","objects":[{"objectName":"Player8-W","wposition":{"x":4.326577186584473,"y":0.0,"z":10.23144817352295},"sposition":{"x":234.82008361816407,"y":181.1749267578125,"z":10.538082122802735}},{"objectName":"Player2-M","wposition":{"x":5.4047393798828129,"y":-0.0010977983474731446,"z":2.268388032913208},"sposition":{"x":267.5906982421875,"y":421.0216979980469,"z":18.07373046875}}]}