{"cameraName":"L3FrontCam","frameNum":"258","objects":[{"objectName":"Player8-W","wposition":{"x":4.3614678382873539,"y":0.0,"z":10.897201538085938},"sposition":{"x":214.1836395263672,"y":145.09181213378907,"z":9.916290283203125}},{"objectName":"Player2-M","wposition":{"x":6.067500591278076,"y":-0.024704813957214357,"z":2.272341012954712},"sposition":{"x":222.14932250976563,"y":420.16796875,"z":18.121543884277345}}]}