{"cameraName":"L3FrontCam","frameNum":"209","objects":[{"objectName":"Player8-W","wposition":{"x":4.293082237243652,"y":0.0,"z":9.592325210571289},"sposition":{"x":252.4626922607422,"y":212.0234375,"z":11.135002136230469}},{"objectName":"Player2-M","wposition":{"x":4.824190139770508,"y":-0.018843650817871095,"z":2.2716574668884279},"sposition":{"x":307.5956726074219,"y":419.05621337890627,"z":18.038679122924806}}]}