{"cameraName":"L3FrontCam","frameNum":"140","objects":[{"objectName":"Player8-W","wposition":{"x":4.196783542633057,"y":0.0,"z":7.754847049713135},"sposition":{"x":294.055908203125,"y":284.7497253417969,"z":12.85114860534668}},{"objectName":"Player2-M","wposition":{"x":3.138500690460205,"y":-0.012093424797058106,"z":2.2718536853790285},"sposition":{"x":424.7014465332031,"y":417.4311828613281,"z":17.925691604614259}}]}