{"cameraName":"L3FrontCam","frameNum":"99","objects":[{"objectName":"Player8-W","wposition":{"x":4.139563083648682,"y":0.0,"z":6.6630120277404789},"sposition":{"x":313.8959655761719,"y":319.44036865234377,"z":13.870887756347657}},{"objectName":"Player2-M","wposition":{"x":2.199049234390259,"y":-0.0052155256271362309,"z":2.2723402976989748},"sposition":{"x":490.61395263671877,"y":416.7225036621094,"z":17.86130142211914}}]}