{"cameraName":"L3FrontCam","frameNum":"219","objects":[{"objectName":"Player8-W","wposition":{"x":4.307038307189941,"y":0.0,"z":9.858626365661621},"sposition":{"x":245.34678649902345,"y":199.58102416992188,"z":10.886285781860352}},{"objectName":"Player2-M","wposition":{"x":5.063488960266113,"y":-0.020732641220092775,"z":2.271653652191162},"sposition":{"x":291.09197998046877,"y":419.221923828125,"z":18.055015563964845}}]}