{"cameraName":"L3FrontCam","frameNum":"152","objects":[{"objectName":"Player8-W","wposition":{"x":4.213531017303467,"y":0.0,"z":8.074408531188965},"sposition":{"x":287.6392822265625,"y":273.5301208496094,"z":12.552688598632813}},{"objectName":"Player2-M","wposition":{"x":3.430004835128784,"y":0.004110097885131836,"z":2.267160177230835},"sposition":{"x":404.3681640625,"y":418.97637939453127,"z":17.94365692138672}}]}