{"cameraName":"L3FrontCam","frameNum":"122","objects":[{"objectName":"Player8-W","wposition":{"x":4.171662330627441,"y":0.0,"z":7.2755045890808109},"sposition":{"x":303.1408386230469,"y":300.6348876953125,"z":13.29883861541748}},{"objectName":"Player2-M","wposition":{"x":2.7251784801483156,"y":-0.004776120185852051,"z":2.2716832160949709},"sposition":{"x":453.6471862792969,"y":417.4191589355469,"z":17.896255493164064}}]}