{"cameraName":"L3FrontCam","frameNum":"266","objects":[{"objectName":"Player8-W","wposition":{"x":4.37263298034668,"y":0.0,"z":11.110241889953614},"sposition":{"x":207.02223205566407,"y":132.56996154785157,"z":9.717316627502442}},{"objectName":"Player2-M","wposition":{"x":6.269535064697266,"y":-0.006609559059143066,"z":2.272341012954712},"sposition":{"x":208.27102661132813,"y":421.63153076171877,"z":18.128599166870118}}]}