{"cameraName":"L3FrontCam","frameNum":"31","objects":[{"objectName":"Player8-W","wposition":{"x":4.0446600914001469,"y":0.0,"z":4.852163791656494},"sposition":{"x":341.069091796875,"y":366.9530029296875,"z":15.562162399291993}},{"objectName":"Player2-M","wposition":{"x":1.2675715684890748,"y":0.01575648784637451,"z":2.215324640274048},"sposition":{"x":556.289794921875,"y":418.00982666015627,"z":17.846519470214845}}]}