{"cameraName":"L3FrontCam","frameNum":"97","objects":[{"objectName":"Player8-W","wposition":{"x":4.1367716789245609,"y":0.0,"z":6.6097517013549809},"sposition":{"x":314.7893981933594,"y":321.0025939941406,"z":13.920631408691407}},{"objectName":"Player2-M","wposition":{"x":2.1481709480285646,"y":-0.010853767395019532,"z":2.2723419666290285},"sposition":{"x":494.1863098144531,"y":416.27423095703127,"z":17.859893798828126}}]}