{"cameraName":"L3FrontCam","frameNum":"291","objects":[{"objectName":"Player8-W","wposition":{"x":4.4075236320495609,"y":0.0,"z":11.775995254516602},"sposition":{"x":182.62326049804688,"y":89.90804290771485,"z":9.095523834228516}},{"objectName":"Player2-M","wposition":{"x":6.823583602905273,"y":-0.02480781078338623,"z":2.2717525959014894},"sposition":{"x":170.57037353515626,"y":421.0888977050781,"z":18.171689987182618}}]}