{"cameraName":"L3FrontCam","frameNum":"33","objects":[{"objectName":"Player8-W","wposition":{"x":4.047451496124268,"y":0.0,"z":4.905424118041992},"sposition":{"x":340.3544616699219,"y":365.7034606933594,"z":15.512418746948243}},{"objectName":"Player2-M","wposition":{"x":1.2402477264404297,"y":0.01446831226348877,"z":2.2164306640625},"sposition":{"x":558.2216186523438,"y":417.8681335449219,"z":17.844131469726564}}]}