{"cameraName":"L3FrontCam","frameNum":"195","objects":[{"objectName":"Player8-W","wposition":{"x":4.273543357849121,"y":0.0,"z":9.219503402709961},"sposition":{"x":261.9072570800781,"y":228.53729248046876,"z":11.483205795288086}},{"objectName":"Player2-M","wposition":{"x":4.520995616912842,"y":0.0036449432373046877,"z":2.271655559539795},"sposition":{"x":328.5219421386719,"y":420.2065734863281,"z":18.01111602783203}}]}