{"cameraName":"L3FrontCam","frameNum":"304","objects":[{"objectName":"Player8-W","wposition":{"x":4.425666809082031,"y":0.0,"z":12.122186660766602},"sposition":{"x":168.5688934326172,"y":65.33370971679688,"z":8.77219295501709}},{"objectName":"Player2-M","wposition":{"x":7.134138107299805,"y":-0.017111778259277345,"z":2.2718863487243654},"sposition":{"x":149.424072265625,"y":421.9784240722656,"z":18.18929100036621}}]}