{"cameraName":"L3FrontCam","frameNum":"318","objects":[{"objectName":"Player8-W","wposition":{"x":4.4452056884765629,"y":0.0,"z":12.49500846862793},"sposition":{"x":152.2267608642578,"y":36.759281158447269,"z":8.423989295959473}},{"objectName":"Player2-M","wposition":{"x":7.480971813201904,"y":-0.0061637163162231449,"z":2.2674458026885988},"sposition":{"x":125.93042755126953,"y":423.2064514160156,"z":18.21244239807129}}]}