{"cameraName":"L3FrontCam","frameNum":"232","objects":[{"objectName":"Player8-W","wposition":{"x":4.325181484222412,"y":0.0,"z":10.204817771911621},"sposition":{"x":235.59498596191407,"y":182.52993774414063,"z":10.56295394897461}},{"objectName":"Player2-M","wposition":{"x":5.3798418045043949,"y":-0.0010979175567626954,"z":2.2690911293029787},"sposition":{"x":269.2947998046875,"y":420.9791564941406,"z":18.071439743041993}}]}