{"cameraName":"L3FrontCam","frameNum":"2","objects":[{"objectName":"Player8-W","wposition":{"x":4.004187107086182,"y":0.0,"z":4.079890251159668},"sposition":{"x":350.940673828125,"y":384.213623046875,"z":16.2834415435791}},{"objectName":"Player2-M","wposition":{"x":1.4902433156967164,"y":-0.00025284290313720703,"z":2.0794029235839845},"sposition":{"x":540.1826171875,"y":419.597412109375,"z":17.994003295898439}}]}