{"cameraName":"L3FrontCam","frameNum":"113","objects":[{"objectName":"Player8-W","wposition":{"x":4.159101486206055,"y":0.0,"z":7.035833835601807},"sposition":{"x":307.457763671875,"y":308.1830139160156,"z":13.522684097290039}},{"objectName":"Player2-M","wposition":{"x":2.5281989574432375,"y":0.00853276252746582,"z":2.2716779708862306},"sposition":{"x":467.48809814453127,"y":418.0817565917969,"z":17.87879753112793}}]}