{"cameraName":"L3FrontCam","frameNum":"116","objects":[{"objectName":"Player8-W","wposition":{"x":4.163288593292236,"y":0.0,"z":7.115724086761475},"sposition":{"x":306.0347595214844,"y":305.6949157714844,"z":13.448068618774414}},{"objectName":"Player2-M","wposition":{"x":2.5950794219970705,"y":0.005464911460876465,"z":2.2716829776763918},"sposition":{"x":462.7873840332031,"y":417.9554748535156,"z":17.88422393798828}}]}