{"cameraName":"L3FrontCam","frameNum":"243","objects":[{"objectName":"Player8-W","wposition":{"x":4.340533256530762,"y":0.0,"z":10.497749328613282},"sposition":{"x":226.8648681640625,"y":167.2650146484375,"z":10.289365768432618}},{"objectName":"Player2-M","wposition":{"x":5.665895938873291,"y":-0.011234641075134278,"z":2.271833896636963},"sposition":{"x":249.6347198486328,"y":420.5955810546875,"z":18.091087341308595}}]}