{"cameraName":"L3FrontCam","frameNum":"142","objects":[{"objectName":"Player8-W","wposition":{"x":4.199574947357178,"y":0.0,"z":7.808107376098633},"sposition":{"x":293.00726318359377,"y":282.9161071777344,"z":12.80140495300293}},{"objectName":"Player2-M","wposition":{"x":3.1860365867614748,"y":-0.007969379425048828,"z":2.2718539237976076},"sposition":{"x":421.380615234375,"y":417.77056884765627,"z":17.927396774291993}}]}