{"cameraName":"L3FrontCam","frameNum":"147","objects":[{"objectName":"Player8-W","wposition":{"x":4.206552982330322,"y":0.0,"z":7.941257953643799},"sposition":{"x":290.349609375,"y":278.2691650390625,"z":12.677047729492188}},{"objectName":"Player2-M","wposition":{"x":3.3078653812408449,"y":0.0018306970596313477,"z":2.2711057662963869},"sposition":{"x":412.8756103515625,"y":418.6009826660156,"z":17.93273162841797}}]}