{"cameraName":"L3FrontCam","frameNum":"263","objects":[{"objectName":"Player8-W","wposition":{"x":4.368445873260498,"y":0.0,"z":11.030351638793946},"sposition":{"x":209.74188232421876,"y":137.3253173828125,"z":9.79193115234375}},{"objectName":"Player2-M","wposition":{"x":6.194913387298584,"y":-0.012578010559082032,"z":2.272341251373291},"sposition":{"x":213.3932342529297,"y":421.13922119140627,"z":18.125747680664064}}]}