{"cameraName":"L3FrontCam","frameNum":"49","objects":[{"objectName":"Player8-W","wposition":{"x":4.069781303405762,"y":0.0,"z":5.331506252288818},"sposition":{"x":334.468017578125,"y":355.4109191894531,"z":15.114471435546875}},{"objectName":"Player2-M","wposition":{"x":1.0085755586624146,"y":-0.0096205472946167,"z":2.121915578842163},"sposition":{"x":574.1368408203125,"y":417.6170959472656,"z":17.92578125}}]}