{"cameraName":"L3FrontCam","frameNum":"276","objects":[{"objectName":"Player8-W","wposition":{"x":4.386589050292969,"y":0.0,"z":11.376543045043946},"sposition":{"x":197.64723205566407,"y":116.17757415771485,"z":9.468600273132325}},{"objectName":"Player2-M","wposition":{"x":6.498561382293701,"y":-0.001508474349975586,"z":2.2717525959014894},"sposition":{"x":192.62109375,"y":422.2620849609375,"z":18.14241600036621}}]}