{"cameraName":"L3FrontCam","frameNum":"262","objects":[{"objectName":"Player8-W","wposition":{"x":4.3670501708984379,"y":0.0,"z":11.003721237182618},"sposition":{"x":210.6392364501953,"y":138.8943634033203,"z":9.816802978515625}},{"objectName":"Player2-M","wposition":{"x":6.169709205627441,"y":-0.015510201454162598,"z":2.27234148979187},"sposition":{"x":215.12684631347657,"y":420.9112243652344,"z":18.125099182128908}}]}