{"cameraName":"L3FrontCam","frameNum":"89","objects":[{"objectName":"Player8-W","wposition":{"x":4.125606536865234,"y":0.0,"z":6.3967108726501469},"sposition":{"x":318.30029296875,"y":327.1413879394531,"z":14.119604110717774}},{"objectName":"Player2-M","wposition":{"x":1.9359228610992432,"y":-0.015976667404174806,"z":2.272339105606079},"sposition":{"x":509.1336669921875,"y":415.6591796875,"z":17.847736358642579}}]}