{"cameraName":"L3FrontCam","frameNum":"92","objects":[{"objectName":"Player8-W","wposition":{"x":4.129793643951416,"y":0.0,"z":6.4766011238098148},"sposition":{"x":316.995361328125,"y":324.8597106933594,"z":14.044990539550782}},{"objectName":"Player2-M","wposition":{"x":2.0178282260894777,"y":-0.017170310020446779,"z":2.2723388671875},"sposition":{"x":503.35687255859377,"y":415.68023681640627,"z":17.853513717651368}}]}