{"cameraName":"L3FrontCam","frameNum":"248","objects":[{"objectName":"Player8-W","wposition":{"x":4.3475117683410648,"y":0.0,"z":10.630900382995606},"sposition":{"x":222.74114990234376,"y":160.05477905273438,"z":10.165006637573243}},{"objectName":"Player2-M","wposition":{"x":5.79753303527832,"y":-0.020685672760009767,"z":2.272341251373291},"sposition":{"x":240.6261444091797,"y":420.1098937988281,"z":18.10247230529785}}]}