{"cameraName":"L3FrontCam","frameNum":"269","objects":[{"objectName":"Player8-W","wposition":{"x":4.376819610595703,"y":0.0,"z":11.190132141113282},"sposition":{"x":204.2605438232422,"y":127.7410659790039,"z":9.642702102661133}},{"objectName":"Player2-M","wposition":{"x":6.341304302215576,"y":-0.0019428730010986329,"z":2.272305965423584},"sposition":{"x":203.35069274902345,"y":422.0331726074219,"z":18.131738662719728}}]}