{"cameraName":"L3FrontCam","frameNum":"302","objects":[{"objectName":"Player8-W","wposition":{"x":4.42287540435791,"y":0.0,"z":12.068926811218262},"sposition":{"x":170.7981414794922,"y":69.23155212402344,"z":8.821935653686524}},{"objectName":"Player2-M","wposition":{"x":7.086677074432373,"y":-0.021318674087524415,"z":2.271885871887207},"sposition":{"x":152.66690063476563,"y":421.63885498046877,"z":18.187618255615236}}]}