{"cameraName":"L3FrontCam","frameNum":"70","objects":[{"objectName":"Player8-W","wposition":{"x":4.099089622497559,"y":0.0,"z":5.890738487243652},"sposition":{"x":326.2548522949219,"y":341.0500793457031,"z":14.592166900634766}},{"objectName":"Player2-M","wposition":{"x":1.4354246854782105,"y":0.01022481918334961,"z":2.2633795738220217},"sposition":{"x":544.5435791015625,"y":416.984130859375,"z":17.81436538696289}}]}