{"cameraName":"L3FrontCam","frameNum":"182","objects":[{"objectName":"Player8-W","wposition":{"x":4.25540018081665,"y":0.0,"z":8.873311996459961},"sposition":{"x":270.1783142089844,"y":242.99945068359376,"z":11.806537628173829}},{"objectName":"Player2-M","wposition":{"x":4.21831750869751,"y":-0.007659554481506348,"z":2.2722599506378176},"sposition":{"x":349.5043640136719,"y":419.05859375,"z":17.99457550048828}}]}