{"cameraName":"L3FrontCam","frameNum":"85","objects":[{"objectName":"Player8-W","wposition":{"x":4.12002420425415,"y":0.0,"z":6.29019021987915},"sposition":{"x":320.0188293457031,"y":330.1463623046875,"z":14.219091415405274}},{"objectName":"Player2-M","wposition":{"x":1.828093409538269,"y":-0.009743213653564453,"z":2.272334337234497},"sposition":{"x":516.7550048828125,"y":415.9499206542969,"z":17.83854103088379}}]}