{"cameraName":"L3FrontCam","frameNum":"124","objects":[{"objectName":"Player8-W","wposition":{"x":4.1744537353515629,"y":0.0,"z":7.328764915466309},"sposition":{"x":302.1617126464844,"y":298.9228820800781,"z":13.249095916748047}},{"objectName":"Player2-M","wposition":{"x":2.76800799369812,"y":-0.008101582527160645,"z":2.271677017211914},"sposition":{"x":450.640869140625,"y":417.2460021972656,"z":17.900205612182618}}]}