{"cameraName":"L3FrontCam","frameNum":"115","objects":[{"objectName":"Player8-W","wposition":{"x":4.161892890930176,"y":0.0,"z":7.089094161987305},"sposition":{"x":306.5108337402344,"y":306.5273132324219,"z":13.472940444946289}},{"objectName":"Player2-M","wposition":{"x":2.5729684829711916,"y":0.007019400596618652,"z":2.2716829776763918},"sposition":{"x":464.3418273925781,"y":418.0340270996094,"z":17.882244110107423}}]}