{"cameraName":"L3FrontCam","frameNum":"133","objects":[{"objectName":"Player8-W","wposition":{"x":4.187014102935791,"y":0.0,"z":7.568436145782471},"sposition":{"x":297.6631774902344,"y":291.0570373535156,"z":13.025251388549805}},{"objectName":"Player2-M","wposition":{"x":2.9691028594970705,"y":-0.017384648323059083,"z":2.2716662883758547},"sposition":{"x":436.5477600097656,"y":416.8642883300781,"z":17.916574478149415}}]}