{"cameraName":"L3FrontCam","frameNum":"249","objects":[{"objectName":"Player8-W","wposition":{"x":4.348906993865967,"y":0.0,"z":10.657529830932618},"sposition":{"x":221.9043731689453,"y":158.59156799316407,"z":10.140134811401368}},{"objectName":"Player2-M","wposition":{"x":5.823843955993652,"y":-0.022841930389404298,"z":2.272341251373291},"sposition":{"x":238.82904052734376,"y":419.9966735839844,"z":18.104934692382814}}]}