{"cameraName":"L3FrontCam","frameNum":"145","objects":[{"objectName":"Player8-W","wposition":{"x":4.203762054443359,"y":0.0,"z":7.887997627258301},"sposition":{"x":291.41888427734377,"y":280.13885498046877,"z":12.726790428161621}},{"objectName":"Player2-M","wposition":{"x":3.2589871883392336,"y":-0.0010154247283935547,"z":2.2718565464019777},"sposition":{"x":416.2857971191406,"y":418.3337707519531,"z":17.929798126220704}}]}