{"cameraName":"L3FrontCam","frameNum":"143","objects":[{"objectName":"Player8-W","wposition":{"x":4.200970649719238,"y":0.0,"z":7.834737300872803},"sposition":{"x":292.4798583984375,"y":281.99395751953127,"z":12.776533126831055}},{"objectName":"Player2-M","wposition":{"x":3.2101449966430666,"y":-0.0055162906646728519,"z":2.271854877471924},"sposition":{"x":419.6968078613281,"y":417.96728515625,"z":17.928138732910158}}]}