{"cameraName":"L3FrontCam","frameNum":"136","objects":[{"objectName":"Player8-W","wposition":{"x":4.191201210021973,"y":0.0,"z":7.648326396942139},"sposition":{"x":296.12908935546877,"y":288.37469482421877,"z":12.950634956359864}},{"objectName":"Player2-M","wposition":{"x":3.0415830612182619,"y":-0.017414450645446779,"z":2.2716615200042726},"sposition":{"x":431.47650146484377,"y":416.952392578125,"z":17.921337127685548}}]}