{"cameraName":"L3FrontCam","frameNum":"277","objects":[{"objectName":"Player8-W","wposition":{"x":4.387984752655029,"y":0.0,"z":11.403173446655274},"sposition":{"x":196.6825714111328,"y":114.4908218383789,"z":9.443727493286133}},{"objectName":"Player2-M","wposition":{"x":6.520921230316162,"y":-0.002081751823425293,"z":2.2717525959014894},"sposition":{"x":191.0977783203125,"y":422.2505187988281,"z":18.14407730102539}}]}