{"cameraName":"L3FrontCam","frameNum":"271","objects":[{"objectName":"Player8-W","wposition":{"x":4.379611015319824,"y":0.0,"z":11.243392944335938},"sposition":{"x":202.39549255371095,"y":124.47999572753906,"z":9.592957496643067}},{"objectName":"Player2-M","wposition":{"x":6.386446952819824,"y":-0.0005949735641479492,"z":2.272109031677246},"sposition":{"x":200.2652587890625,"y":422.1819152832031,"z":18.134422302246095}}]}