{"cameraName":"L3FrontCam","frameNum":"80","objects":[{"objectName":"Player8-W","wposition":{"x":4.113046169281006,"y":0.0,"z":6.157039642333984},"sposition":{"x":322.133544921875,"y":333.84393310546877,"z":14.343449592590332}},{"objectName":"Player2-M","wposition":{"x":1.6964600086212159,"y":0.00018537044525146484,"z":2.2718143463134767},"sposition":{"x":526.07421875,"y":416.4730224609375,"z":17.827001571655275}}]}