{"cameraName":"L3FrontCam","frameNum":"101","objects":[{"objectName":"Player8-W","wposition":{"x":4.1423540115356449,"y":0.0,"z":6.716272354125977},"sposition":{"x":312.9960632324219,"y":317.8669128417969,"z":13.821144104003907}},{"objectName":"Player2-M","wposition":{"x":2.2493369579315187,"y":-0.00039565563201904297,"z":2.2723398208618166},"sposition":{"x":487.08233642578127,"y":417.1141052246094,"z":17.86294937133789}}]}