{"cameraName":"L3FrontCam","frameNum":"71","objects":[{"objectName":"Player8-W","wposition":{"x":4.100485324859619,"y":0.0,"z":5.9173688888549809},"sposition":{"x":325.8489990234375,"y":340.3404846191406,"z":14.56729507446289}},{"objectName":"Player2-M","wposition":{"x":1.4612034559249879,"y":0.009927511215209961,"z":2.264390707015991},"sposition":{"x":542.7208251953125,"y":416.9779357910156,"z":17.815208435058595}}]}