{"cameraName":"L3FrontCam","frameNum":"96","objects":[{"objectName":"Player8-W","wposition":{"x":4.1353759765625,"y":0.0,"z":6.5831217765808109},"sposition":{"x":315.2337341308594,"y":321.7795104980469,"z":13.945502281188965}},{"objectName":"Player2-M","wposition":{"x":2.122525215148926,"y":-0.013121724128723145,"z":2.2723419666290285},"sposition":{"x":495.98828125,"y":416.0874328613281,"z":17.85898780822754}}]}