{"cameraName":"L3FrontCam","frameNum":"242","objects":[{"objectName":"Player8-W","wposition":{"x":4.339138031005859,"y":0.0,"z":10.471118927001954},"sposition":{"x":227.67758178710938,"y":168.68621826171876,"z":10.314237594604493}},{"objectName":"Player2-M","wposition":{"x":5.639585018157959,"y":-0.009271502494812012,"z":2.2713563442230226},"sposition":{"x":251.44119262695313,"y":420.7043151855469,"z":18.08913803100586}}]}