{"cameraName":"L3FrontCam","frameNum":"12","objects":[{"objectName":"Player8-W","wposition":{"x":4.018143177032471,"y":0.0,"z":4.34619140625},"sposition":{"x":347.63702392578127,"y":378.4371337890625,"z":16.03472328186035}},{"objectName":"Player2-M","wposition":{"x":1.4451600313186646,"y":-0.010517477989196778,"z":2.2113864421844484},"sposition":{"x":543.65966796875,"y":416.50775146484377,"z":17.87083625793457}}]}