{"cameraName":"L3FrontCam","frameNum":"300","objects":[{"objectName":"Player8-W","wposition":{"x":4.420084476470947,"y":0.0,"z":12.015666007995606},"sposition":{"x":173.00241088867188,"y":73.08580017089844,"z":8.871679306030274}},{"objectName":"Player2-M","wposition":{"x":7.0390143394470219,"y":-0.02497267723083496,"z":2.271752119064331},"sposition":{"x":155.92376708984376,"y":421.3384094238281,"z":18.185869216918947}}]}