{"cameraName":"L3FrontCam","frameNum":"187","objects":[{"objectName":"Player8-W","wposition":{"x":4.262378215789795,"y":0.0,"z":9.006463050842286},"sposition":{"x":267.05133056640627,"y":237.5317840576172,"z":11.68217945098877}},{"objectName":"Player2-M","wposition":{"x":4.3407063484191898,"y":0.0017789602279663087,"z":2.2722175121307375},"sposition":{"x":341.00836181640627,"y":419.849365234375,"z":17.99941062927246}}]}