{"cameraName":"L3FrontCam","frameNum":"73","objects":[{"objectName":"Player8-W","wposition":{"x":4.10327672958374,"y":0.0,"z":5.97062873840332},"sposition":{"x":325.03326416015627,"y":338.91412353515627,"z":14.51755142211914}},{"objectName":"Player2-M","wposition":{"x":1.5130459070205689,"y":0.009240269660949707,"z":2.266737222671509},"sposition":{"x":539.0562133789063,"y":416.9537658691406,"z":17.81664276123047}}]}