{"cameraName":"L3FrontCam","frameNum":"94","objects":[{"objectName":"Player8-W","wposition":{"x":4.132584571838379,"y":0.0,"z":6.5298614501953129},"sposition":{"x":316.1177062988281,"y":323.3250732421875,"z":13.995245933532715}},{"objectName":"Player2-M","wposition":{"x":2.070885181427002,"y":-0.017183423042297365,"z":2.272339344024658},"sposition":{"x":499.6181945800781,"y":415.7457580566406,"z":17.856996536254884}}]}