{"cameraName":"L3FrontCam","frameNum":"172","objects":[{"objectName":"Player8-W","wposition":{"x":4.241443634033203,"y":0.0,"z":8.607010841369629},"sposition":{"x":276.23883056640627,"y":253.59625244140626,"z":12.055254936218262}},{"objectName":"Player2-M","wposition":{"x":3.9572677612304689,"y":-0.02314889430999756,"z":2.2722647190093996},"sposition":{"x":367.638916015625,"y":417.6867980957031,"z":17.982757568359376}}]}