{"cameraName":"L3FrontCam","frameNum":"64","objects":[{"objectName":"Player8-W","wposition":{"x":4.0907158851623539,"y":0.0,"z":5.730957984924316},"sposition":{"x":328.6608581542969,"y":345.2569885253906,"z":14.7413969039917}},{"objectName":"Player2-M","wposition":{"x":1.2894891500473023,"y":0.00731968879699707,"z":2.237480401992798},"sposition":{"x":554.7867431640625,"y":417.0657653808594,"z":17.8300724029541}}]}