{"cameraName":"L3FrontCam","frameNum":"27","objects":[{"objectName":"Player8-W","wposition":{"x":4.0390777587890629,"y":0.0,"z":4.745643138885498},"sposition":{"x":342.4847106933594,"y":369.4283447265625,"z":15.661648750305176}},{"objectName":"Player2-M","wposition":{"x":1.3176462650299073,"y":0.016291022300720216,"z":2.212786912918091},"sposition":{"x":552.7437133789063,"y":418.1537170410156,"z":17.85199546813965}}]}