{"cameraName":"L3FrontCam","frameNum":"169","objects":[{"objectName":"Player8-W","wposition":{"x":4.23725700378418,"y":0.0,"z":8.527120590209961},"sposition":{"x":278.00848388671877,"y":256.6905517578125,"z":12.12986946105957}},{"objectName":"Player2-M","wposition":{"x":3.874303102493286,"y":-0.01903390884399414,"z":2.2722630500793459},"sposition":{"x":373.4027404785156,"y":417.8633728027344,"z":17.975914001464845}}]}