{"cameraName":"L3FrontCam","frameNum":"55","objects":[{"objectName":"Player8-W","wposition":{"x":4.078155040740967,"y":0.0,"z":5.491286754608154},"sposition":{"x":332.1799011230469,"y":351.4101257324219,"z":14.965241432189942}},{"objectName":"Player2-M","wposition":{"x":1.0734527111053467,"y":-0.009142279624938965,"z":2.130265235900879},"sposition":{"x":569.6019897460938,"y":417.5820007324219,"z":17.922042846679689}}]}