{"cameraName":"L3FrontCam","frameNum":"135","objects":[{"objectName":"Player8-W","wposition":{"x":4.189805507659912,"y":0.0,"z":7.621696472167969},"sposition":{"x":296.64239501953127,"y":289.272216796875,"z":12.975506782531739}},{"objectName":"Player2-M","wposition":{"x":3.0173721313476564,"y":-0.017413973808288575,"z":2.2716662883758547},"sposition":{"x":433.170166015625,"y":416.9222717285156,"z":17.919748306274415}}]}