{"cameraName":"L3FrontCam","frameNum":"4","objects":[{"objectName":"Player8-W","wposition":{"x":4.0069780349731449,"y":0.0,"z":4.133150577545166},"sposition":{"x":350.2880554199219,"y":383.072509765625,"z":16.23369789123535}},{"objectName":"Player2-M","wposition":{"x":1.4834402799606324,"y":-0.006347775459289551,"z":2.13230037689209},"sposition":{"x":540.7736206054688,"y":418.2435302734375,"z":17.946056365966798}}]}