{"cameraName":"L3FrontCam","frameNum":"270","objects":[{"objectName":"Player8-W","wposition":{"x":4.378215312957764,"y":0.0,"z":11.21676254272461},"sposition":{"x":203.33041381835938,"y":126.11473083496094,"z":9.617830276489258}},{"objectName":"Player2-M","wposition":{"x":6.3641228675842289,"y":-0.0005949735641479492,"z":2.2722723484039308},"sposition":{"x":201.78749084472657,"y":422.152099609375,"z":18.13280487060547}}]}