{"cameraName":"L3FrontCam","frameNum":"146","objects":[{"objectName":"Player8-W","wposition":{"x":4.205157279968262,"y":0.0,"z":7.914627552032471},"sposition":{"x":290.88531494140627,"y":279.2058410644531,"z":12.701919555664063}},{"objectName":"Player2-M","wposition":{"x":3.283705234527588,"y":0.0005397796630859375,"z":2.2718539237976076},"sposition":{"x":414.5595703125,"y":418.4701232910156,"z":17.930889129638673}}]}