{"cameraName":"L3FrontCam","frameNum":"268","objects":[{"objectName":"Player8-W","wposition":{"x":4.375424385070801,"y":0.0,"z":11.16350269317627},"sposition":{"x":205.1857452392578,"y":129.35894775390626,"z":9.667572975158692}},{"objectName":"Player2-M","wposition":{"x":6.317230224609375,"y":-0.003231525421142578,"z":2.272305965423584},"sposition":{"x":205.00013732910157,"y":421.9172668457031,"z":18.13060188293457}}]}