{"cameraName":"L3FrontCam","frameNum":"47","objects":[{"objectName":"Player8-W","wposition":{"x":4.066990375518799,"y":0.0,"z":5.27824592590332},"sposition":{"x":335.220703125,"y":356.72705078125,"z":15.164215087890625}},{"objectName":"Player2-M","wposition":{"x":1.0362762212753297,"y":-0.008052825927734375,"z":2.171041250228882},"sposition":{"x":572.3936157226563,"y":416.88531494140627,"z":17.881010055541993}}]}