{"cameraName":"L3FrontCam","frameNum":"91","objects":[{"objectName":"Player8-W","wposition":{"x":4.1283979415893559,"y":0.0,"z":6.4499711990356449},"sposition":{"x":317.4318542480469,"y":325.6229248046875,"z":14.06986141204834}},{"objectName":"Player2-M","wposition":{"x":1.9906717538833619,"y":-0.01715707778930664,"z":2.272339344024658},"sposition":{"x":505.27105712890627,"y":415.6471252441406,"z":17.851728439331056}}]}