{"cameraName":"L3FrontCam","frameNum":"93","objects":[{"objectName":"Player8-W","wposition":{"x":4.131189346313477,"y":0.0,"z":6.503231525421143},"sposition":{"x":316.5572509765625,"y":324.0937194824219,"z":14.02011775970459}},{"objectName":"Player2-M","wposition":{"x":2.044922351837158,"y":-0.017183303833007814,"z":2.272339105606079},"sposition":{"x":501.4474792480469,"y":415.7132568359375,"z":17.85529327392578}}]}