{"cameraName":"L3FrontCam","frameNum":"312","objects":[{"objectName":"Player8-W","wposition":{"x":4.436831951141357,"y":0.0,"z":12.335227966308594},"sposition":{"x":159.39309692382813,"y":49.289615631103519,"z":8.57321834564209}},{"objectName":"Player2-M","wposition":{"x":7.328582763671875,"y":-0.004698276519775391,"z":2.2687158584594728},"sposition":{"x":136.22698974609376,"y":423.0999450683594,"z":18.200761795043947}}]}