{"cameraName":"L3FrontCam","frameNum":"186","objects":[{"objectName":"Player8-W","wposition":{"x":4.260982513427734,"y":0.0,"z":8.979832649230957},"sposition":{"x":267.68206787109377,"y":238.63462829589845,"z":11.707051277160645}},{"objectName":"Player2-M","wposition":{"x":4.317419528961182,"y":0.0004597902297973633,"z":2.2722511291503908},"sposition":{"x":342.6238098144531,"y":419.7308044433594,"z":17.99830436706543}}]}