{"cameraName":"L3FrontCam","frameNum":"88","objects":[{"objectName":"Player8-W","wposition":{"x":4.124210834503174,"y":0.0,"z":6.370080947875977},"sposition":{"x":318.732177734375,"y":327.89654541015627,"z":14.144475936889649}},{"objectName":"Player2-M","wposition":{"x":1.9082632064819337,"y":-0.014599442481994629,"z":2.2723286151885988},"sposition":{"x":511.08740234375,"y":415.71875,"z":17.845460891723634}}]}