{"cameraName":"L3FrontCam","frameNum":"95","objects":[{"objectName":"Player8-W","wposition":{"x":4.1339802742004398,"y":0.0,"z":6.556491374969482},"sposition":{"x":315.676513671875,"y":322.55364990234377,"z":13.97037410736084}},{"objectName":"Player2-M","wposition":{"x":2.0967624187469484,"y":-0.015370368957519532,"z":2.2723419666290285},"sposition":{"x":497.7986755371094,"y":415.90179443359377,"z":17.858068466186525}}]}