{"cameraName":"L3FrontCam","frameNum":"196","objects":[{"objectName":"Player8-W","wposition":{"x":4.274939060211182,"y":0.0,"z":9.246133804321289},"sposition":{"x":261.25164794921877,"y":227.39100646972657,"z":11.458333969116211}},{"objectName":"Player2-M","wposition":{"x":4.543310642242432,"y":0.0027712583541870119,"z":2.271656036376953},"sposition":{"x":326.9784851074219,"y":420.1746826171875,"z":18.012876510620118}}]}