{"cameraName":"L3FrontCam","frameNum":"45","objects":[{"objectName":"Player8-W","wposition":{"x":4.064198970794678,"y":0.0,"z":5.224985599517822},"sposition":{"x":335.968505859375,"y":358.0345764160156,"z":15.213958740234375}},{"objectName":"Player2-M","wposition":{"x":1.0620325803756714,"y":-0.006049036979675293,"z":2.2190701961517336},"sposition":{"x":570.7762451171875,"y":416.1968688964844,"z":17.836990356445314}}]}