{"cameraName":"L3FrontCam","frameNum":"22","objects":[{"objectName":"Player8-W","wposition":{"x":4.03209924697876,"y":0.0,"z":4.612492561340332},"sposition":{"x":344.229248046875,"y":372.47857666015627,"z":15.78600788116455}},{"objectName":"Player2-M","wposition":{"x":1.3710124492645264,"y":0.011009931564331055,"z":2.2113940715789797},"sposition":{"x":548.9542236328125,"y":417.8841857910156,"z":17.85860824584961}}]}