{"cameraName":"L3FrontCam","frameNum":"50","objects":[{"objectName":"Player8-W","wposition":{"x":4.071177005767822,"y":0.0,"z":5.358136177062988},"sposition":{"x":334.0898132324219,"y":354.7496032714844,"z":15.089600563049317}},{"objectName":"Player2-M","wposition":{"x":0.9942236542701721,"y":-0.010187268257141114,"z":2.097311019897461},"sposition":{"x":575.041015625,"y":417.9964599609375,"z":17.948101043701173}}]}