{"cameraName":"L3FrontCam","frameNum":"157","objects":[{"objectName":"Player8-W","wposition":{"x":4.2205095291137699,"y":0.0,"z":8.207558631896973},"sposition":{"x":284.8746643066406,"y":268.6962585449219,"z":12.428330421447754}},{"objectName":"Player2-M","wposition":{"x":3.5589215755462648,"y":0.0018095970153808594,"z":2.268219232559204},"sposition":{"x":395.37359619140627,"y":418.9604187011719,"z":17.951900482177736}}]}