{"cameraName":"L3FrontCam","frameNum":"141","objects":[{"objectName":"Player8-W","wposition":{"x":4.198179244995117,"y":0.0,"z":7.781476974487305},"sposition":{"x":293.5326232910156,"y":283.834716796875,"z":12.826276779174805}},{"objectName":"Player2-M","wposition":{"x":3.1621668338775636,"y":-0.01004326343536377,"z":2.2718536853790285},"sposition":{"x":423.0480651855469,"y":417.5999450683594,"z":17.92654037475586}}]}