{"cameraName":"L3FrontCam","frameNum":"105","objects":[{"objectName":"Player8-W","wposition":{"x":4.147936820983887,"y":0.0,"z":6.8227925300598148},"sposition":{"x":311.17669677734377,"y":314.6857604980469,"z":13.721658706665039}},{"objectName":"Player2-M","wposition":{"x":2.3467938899993898,"y":0.006729006767272949,"z":2.2723047733306886},"sposition":{"x":480.236572265625,"y":417.72222900390627,"z":17.86693572998047}}]}