{"cameraName":"L3FrontCam","frameNum":"255","objects":[{"objectName":"Player8-W","wposition":{"x":4.35728120803833,"y":0.0,"z":10.817310333251954},"sposition":{"x":216.79563903808595,"y":149.6589813232422,"z":9.99090576171875}},{"objectName":"Player2-M","wposition":{"x":5.987595081329346,"y":-0.028374314308166505,"z":2.272340774536133},"sposition":{"x":227.62985229492188,"y":419.8236083984375,"z":18.11756134033203}}]}